INSERT INTO users (username, password, enabled) values
    ('testuser1@venus.com', '$2a$10$8.UnVuG9HHgffUDAlk8qfOuVGkqRzgVymGe07xd00DMxs.AQubh4a', '1'),
    ('testuser2@venus.com', '$2a$10$8.UnVuG9HHgffUDAlk8qfOuVGkqRzgVymGe07xd00DMxs.AQubh4a', '1'),
    ('testuser3@venus.com', '$2a$10$8.UnVuG9HHgffUDAlk8qfOuVGkqRzgVymGe07xd00DMxs.AQubh4a', '1'),
    ('testuser4@venus.com', '$2a$10$8.UnVuG9HHgffUDAlk8qfOuVGkqRzgVymGe07xd00DMxs.AQubh4a', '1'),
    ('testuser5@venus.com', '$2a$10$8.UnVuG9HHgffUDAlk8qfOuVGkqRzgVymGe07xd00DMxs.AQubh4a', '1'),
    ('testuser6@venus.com', '$2a$10$8.UnVuG9HHgffUDAlk8qfOuVGkqRzgVymGe07xd00DMxs.AQubh4a', '1'),
    ('testuser7@venus.com', '$2a$10$8.UnVuG9HHgffUDAlk8qfOuVGkqRzgVymGe07xd00DMxs.AQubh4a', '1'),
    ('testuser8@venus.com', '$2a$10$8.UnVuG9HHgffUDAlk8qfOuVGkqRzgVymGe07xd00DMxs.AQubh4a', '1'),
    ('testuser9@venus.com', '$2a$10$8.UnVuG9HHgffUDAlk8qfOuVGkqRzgVymGe07xd00DMxs.AQubh4a', '1'),
    ('testuser10@venus.com', '$2a$10$8.UnVuG9HHgffUDAlk8qfOuVGkqRzgVymGe07xd00DMxs.AQubh4a', '1'),
    ('testuser11@venus.com', '$2a$10$8.UnVuG9HHgffUDAlk8qfOuVGkqRzgVymGe07xd00DMxs.AQubh4a', '1'),
    ('testuser12@venus.com', '$2a$10$8.UnVuG9HHgffUDAlk8qfOuVGkqRzgVymGe07xd00DMxs.AQubh4a', '1'),
    ('testuser13@venus.com', '$2a$10$8.UnVuG9HHgffUDAlk8qfOuVGkqRzgVymGe07xd00DMxs.AQubh4a', '1'),
    ('testuser14@venus.com', '$2a$10$8.UnVuG9HHgffUDAlk8qfOuVGkqRzgVymGe07xd00DMxs.AQubh4a', '1'),
    ('testuser15@venus.com', '$2a$10$8.UnVuG9HHgffUDAlk8qfOuVGkqRzgVymGe07xd00DMxs.AQubh4a', '1'),
    ('testuser16@venus.com', '$2a$10$8.UnVuG9HHgffUDAlk8qfOuVGkqRzgVymGe07xd00DMxs.AQubh4a', '1'),
    ('testuser17@venus.com', '$2a$10$8.UnVuG9HHgffUDAlk8qfOuVGkqRzgVymGe07xd00DMxs.AQubh4a', '1'),
    ('testuser18@venus.com', '$2a$10$8.UnVuG9HHgffUDAlk8qfOuVGkqRzgVymGe07xd00DMxs.AQubh4a', '1'),
    ('testuser19@venus.com', '$2a$10$8.UnVuG9HHgffUDAlk8qfOuVGkqRzgVymGe07xd00DMxs.AQubh4a', '1'),
    ('testuser20@venus.com', '$2a$10$8.UnVuG9HHgffUDAlk8qfOuVGkqRzgVymGe07xd00DMxs.AQubh4a', '1'),
    ('testuser21@venus.com', '$2a$10$8.UnVuG9HHgffUDAlk8qfOuVGkqRzgVymGe07xd00DMxs.AQubh4a', '1'),
    ('testuser22@venus.com', '$2a$10$8.UnVuG9HHgffUDAlk8qfOuVGkqRzgVymGe07xd00DMxs.AQubh4a', '1'),
    ('testuser23@venus.com', '$2a$10$8.UnVuG9HHgffUDAlk8qfOuVGkqRzgVymGe07xd00DMxs.AQubh4a', '1'),
    ('testuser24@venus.com', '$2a$10$8.UnVuG9HHgffUDAlk8qfOuVGkqRzgVymGe07xd00DMxs.AQubh4a', '1'),
    ('testuser25@venus.com', '$2a$10$8.UnVuG9HHgffUDAlk8qfOuVGkqRzgVymGe07xd00DMxs.AQubh4a', '1'),
    ('testuser26@venus.com', '$2a$10$8.UnVuG9HHgffUDAlk8qfOuVGkqRzgVymGe07xd00DMxs.AQubh4a', '1'),
    ('testuser27@venus.com', '$2a$10$8.UnVuG9HHgffUDAlk8qfOuVGkqRzgVymGe07xd00DMxs.AQubh4a', '1'),
    ('testuser28@venus.com', '$2a$10$8.UnVuG9HHgffUDAlk8qfOuVGkqRzgVymGe07xd00DMxs.AQubh4a', '1'),
    ('testuser29@venus.com', '$2a$10$8.UnVuG9HHgffUDAlk8qfOuVGkqRzgVymGe07xd00DMxs.AQubh4a', '1'),
    ('testuser30@venus.com', '$2a$10$8.UnVuG9HHgffUDAlk8qfOuVGkqRzgVymGe07xd00DMxs.AQubh4a', '1'),
    ('testuser31@venus.com', '$2a$10$8.UnVuG9HHgffUDAlk8qfOuVGkqRzgVymGe07xd00DMxs.AQubh4a', '1'),
    ('testuser32@venus.com', '$2a$10$8.UnVuG9HHgffUDAlk8qfOuVGkqRzgVymGe07xd00DMxs.AQubh4a', '1'),
    ('testuser33@venus.com', '$2a$10$8.UnVuG9HHgffUDAlk8qfOuVGkqRzgVymGe07xd00DMxs.AQubh4a', '1'),
    ('testuser34@venus.com', '$2a$10$8.UnVuG9HHgffUDAlk8qfOuVGkqRzgVymGe07xd00DMxs.AQubh4a', '1'),
    ('testuser35@venus.com', '$2a$10$8.UnVuG9HHgffUDAlk8qfOuVGkqRzgVymGe07xd00DMxs.AQubh4a', '1'),
    ('testuser36@venus.com', '$2a$10$8.UnVuG9HHgffUDAlk8qfOuVGkqRzgVymGe07xd00DMxs.AQubh4a', '1'),
    ('testuser37@venus.com', '$2a$10$8.UnVuG9HHgffUDAlk8qfOuVGkqRzgVymGe07xd00DMxs.AQubh4a', '1'),
    ('testuser38@venus.com', '$2a$10$8.UnVuG9HHgffUDAlk8qfOuVGkqRzgVymGe07xd00DMxs.AQubh4a', '1'),
    ('testuser39@venus.com', '$2a$10$8.UnVuG9HHgffUDAlk8qfOuVGkqRzgVymGe07xd00DMxs.AQubh4a', '1'),
    ('testuser40@venus.com', '$2a$10$8.UnVuG9HHgffUDAlk8qfOuVGkqRzgVymGe07xd00DMxs.AQubh4a', '1'),
    ('testuser41@venus.com', '$2a$10$8.UnVuG9HHgffUDAlk8qfOuVGkqRzgVymGe07xd00DMxs.AQubh4a', '1'),
    ('testuser42@venus.com', '$2a$10$8.UnVuG9HHgffUDAlk8qfOuVGkqRzgVymGe07xd00DMxs.AQubh4a', '1'),
    ('testuser43@venus.com', '$2a$10$8.UnVuG9HHgffUDAlk8qfOuVGkqRzgVymGe07xd00DMxs.AQubh4a', '1'),
    ('testuser44@venus.com', '$2a$10$8.UnVuG9HHgffUDAlk8qfOuVGkqRzgVymGe07xd00DMxs.AQubh4a', '1'),
    ('testuser45@venus.com', '$2a$10$8.UnVuG9HHgffUDAlk8qfOuVGkqRzgVymGe07xd00DMxs.AQubh4a', '1'),
    ('testuser46@venus.com', '$2a$10$8.UnVuG9HHgffUDAlk8qfOuVGkqRzgVymGe07xd00DMxs.AQubh4a', '1'),
    ('testuser47@venus.com', '$2a$10$8.UnVuG9HHgffUDAlk8qfOuVGkqRzgVymGe07xd00DMxs.AQubh4a', '1'),
    ('testuser48@venus.com', '$2a$10$8.UnVuG9HHgffUDAlk8qfOuVGkqRzgVymGe07xd00DMxs.AQubh4a', '1'),
    ('testuser49@venus.com', '$2a$10$8.UnVuG9HHgffUDAlk8qfOuVGkqRzgVymGe07xd00DMxs.AQubh4a', '1'),
    ('testuser50@venus.com', '$2a$10$8.UnVuG9HHgffUDAlk8qfOuVGkqRzgVymGe07xd00DMxs.AQubh4a', '1'),
    ('testuser51@venus.com', '$2a$10$8.UnVuG9HHgffUDAlk8qfOuVGkqRzgVymGe07xd00DMxs.AQubh4a', '1'),
    ('testuser52@venus.com', '$2a$10$8.UnVuG9HHgffUDAlk8qfOuVGkqRzgVymGe07xd00DMxs.AQubh4a', '1'),
    ('testuser53@venus.com', '$2a$10$8.UnVuG9HHgffUDAlk8qfOuVGkqRzgVymGe07xd00DMxs.AQubh4a', '1'),
    ('testuser54@venus.com', '$2a$10$8.UnVuG9HHgffUDAlk8qfOuVGkqRzgVymGe07xd00DMxs.AQubh4a', '1'),
    ('testuser55@venus.com', '$2a$10$8.UnVuG9HHgffUDAlk8qfOuVGkqRzgVymGe07xd00DMxs.AQubh4a', '1'),
    ('testuser56@venus.com', '$2a$10$8.UnVuG9HHgffUDAlk8qfOuVGkqRzgVymGe07xd00DMxs.AQubh4a', '1'),
    ('testuser57@venus.com', '$2a$10$8.UnVuG9HHgffUDAlk8qfOuVGkqRzgVymGe07xd00DMxs.AQubh4a', '1'),
    ('testuser58@venus.com', '$2a$10$8.UnVuG9HHgffUDAlk8qfOuVGkqRzgVymGe07xd00DMxs.AQubh4a', '1'),
    ('testuser59@venus.com', '$2a$10$8.UnVuG9HHgffUDAlk8qfOuVGkqRzgVymGe07xd00DMxs.AQubh4a', '1'),
    ('testuser60@venus.com', '$2a$10$8.UnVuG9HHgffUDAlk8qfOuVGkqRzgVymGe07xd00DMxs.AQubh4a', '1'),
    ('testuser61@venus.com', '$2a$10$8.UnVuG9HHgffUDAlk8qfOuVGkqRzgVymGe07xd00DMxs.AQubh4a', '1'),
    ('testuser62@venus.com', '$2a$10$8.UnVuG9HHgffUDAlk8qfOuVGkqRzgVymGe07xd00DMxs.AQubh4a', '1'),
    ('testuser63@venus.com', '$2a$10$8.UnVuG9HHgffUDAlk8qfOuVGkqRzgVymGe07xd00DMxs.AQubh4a', '1'),
    ('testuser64@venus.com', '$2a$10$8.UnVuG9HHgffUDAlk8qfOuVGkqRzgVymGe07xd00DMxs.AQubh4a', '1'),
    ('testuser65@venus.com', '$2a$10$8.UnVuG9HHgffUDAlk8qfOuVGkqRzgVymGe07xd00DMxs.AQubh4a', '1'),
    ('testuser66@venus.com', '$2a$10$8.UnVuG9HHgffUDAlk8qfOuVGkqRzgVymGe07xd00DMxs.AQubh4a', '1'),
    ('testuser67@venus.com', '$2a$10$8.UnVuG9HHgffUDAlk8qfOuVGkqRzgVymGe07xd00DMxs.AQubh4a', '1'),
    ('testuser68@venus.com', '$2a$10$8.UnVuG9HHgffUDAlk8qfOuVGkqRzgVymGe07xd00DMxs.AQubh4a', '1'),
    ('testuser69@venus.com', '$2a$10$8.UnVuG9HHgffUDAlk8qfOuVGkqRzgVymGe07xd00DMxs.AQubh4a', '1'),
    ('testuser70@venus.com', '$2a$10$8.UnVuG9HHgffUDAlk8qfOuVGkqRzgVymGe07xd00DMxs.AQubh4a', '1'),
    ('testuser71@venus.com', '$2a$10$8.UnVuG9HHgffUDAlk8qfOuVGkqRzgVymGe07xd00DMxs.AQubh4a', '1'),
    ('testuser72@venus.com', '$2a$10$8.UnVuG9HHgffUDAlk8qfOuVGkqRzgVymGe07xd00DMxs.AQubh4a', '1'),
    ('testuser73@venus.com', '$2a$10$8.UnVuG9HHgffUDAlk8qfOuVGkqRzgVymGe07xd00DMxs.AQubh4a', '1'),
    ('testuser74@venus.com', '$2a$10$8.UnVuG9HHgffUDAlk8qfOuVGkqRzgVymGe07xd00DMxs.AQubh4a', '1'),
    ('testuser75@venus.com', '$2a$10$8.UnVuG9HHgffUDAlk8qfOuVGkqRzgVymGe07xd00DMxs.AQubh4a', '1'),
    ('testuser76@venus.com', '$2a$10$8.UnVuG9HHgffUDAlk8qfOuVGkqRzgVymGe07xd00DMxs.AQubh4a', '1'),
    ('testuser77@venus.com', '$2a$10$8.UnVuG9HHgffUDAlk8qfOuVGkqRzgVymGe07xd00DMxs.AQubh4a', '1'),
    ('testuser78@venus.com', '$2a$10$8.UnVuG9HHgffUDAlk8qfOuVGkqRzgVymGe07xd00DMxs.AQubh4a', '1'),
    ('testuser79@venus.com', '$2a$10$8.UnVuG9HHgffUDAlk8qfOuVGkqRzgVymGe07xd00DMxs.AQubh4a', '1'),
    ('testuser80@venus.com', '$2a$10$8.UnVuG9HHgffUDAlk8qfOuVGkqRzgVymGe07xd00DMxs.AQubh4a', '1'),
    ('testuser81@venus.com', '$2a$10$8.UnVuG9HHgffUDAlk8qfOuVGkqRzgVymGe07xd00DMxs.AQubh4a', '1'),
    ('testuser82@venus.com', '$2a$10$8.UnVuG9HHgffUDAlk8qfOuVGkqRzgVymGe07xd00DMxs.AQubh4a', '1'),
    ('testuser83@venus.com', '$2a$10$8.UnVuG9HHgffUDAlk8qfOuVGkqRzgVymGe07xd00DMxs.AQubh4a', '1'),
    ('testuser84@venus.com', '$2a$10$8.UnVuG9HHgffUDAlk8qfOuVGkqRzgVymGe07xd00DMxs.AQubh4a', '1'),
    ('testuser85@venus.com', '$2a$10$8.UnVuG9HHgffUDAlk8qfOuVGkqRzgVymGe07xd00DMxs.AQubh4a', '1'),
    ('testuser86@venus.com', '$2a$10$8.UnVuG9HHgffUDAlk8qfOuVGkqRzgVymGe07xd00DMxs.AQubh4a', '1'),
    ('testuser87@venus.com', '$2a$10$8.UnVuG9HHgffUDAlk8qfOuVGkqRzgVymGe07xd00DMxs.AQubh4a', '1'),
    ('testuser88@venus.com', '$2a$10$8.UnVuG9HHgffUDAlk8qfOuVGkqRzgVymGe07xd00DMxs.AQubh4a', '1'),
    ('testuser89@venus.com', '$2a$10$8.UnVuG9HHgffUDAlk8qfOuVGkqRzgVymGe07xd00DMxs.AQubh4a', '1'),
    ('testuser90@venus.com', '$2a$10$8.UnVuG9HHgffUDAlk8qfOuVGkqRzgVymGe07xd00DMxs.AQubh4a', '1'),
    ('testuser91@venus.com', '$2a$10$8.UnVuG9HHgffUDAlk8qfOuVGkqRzgVymGe07xd00DMxs.AQubh4a', '1'),
    ('testuser92@venus.com', '$2a$10$8.UnVuG9HHgffUDAlk8qfOuVGkqRzgVymGe07xd00DMxs.AQubh4a', '1'),
    ('testuser93@venus.com', '$2a$10$8.UnVuG9HHgffUDAlk8qfOuVGkqRzgVymGe07xd00DMxs.AQubh4a', '1'),
    ('testuser94@venus.com', '$2a$10$8.UnVuG9HHgffUDAlk8qfOuVGkqRzgVymGe07xd00DMxs.AQubh4a', '1'),
    ('testuser95@venus.com', '$2a$10$8.UnVuG9HHgffUDAlk8qfOuVGkqRzgVymGe07xd00DMxs.AQubh4a', '1'),
    ('testuser96@venus.com', '$2a$10$8.UnVuG9HHgffUDAlk8qfOuVGkqRzgVymGe07xd00DMxs.AQubh4a', '1'),
    ('testuser97@venus.com', '$2a$10$8.UnVuG9HHgffUDAlk8qfOuVGkqRzgVymGe07xd00DMxs.AQubh4a', '1'),
    ('testuser98@venus.com', '$2a$10$8.UnVuG9HHgffUDAlk8qfOuVGkqRzgVymGe07xd00DMxs.AQubh4a', '1'),
    ('testuser99@venus.com', '$2a$10$8.UnVuG9HHgffUDAlk8qfOuVGkqRzgVymGe07xd00DMxs.AQubh4a', '1'),
    ('testuser100@venus.com', '$2a$10$8.UnVuG9HHgffUDAlk8qfOuVGkqRzgVymGe07xd00DMxs.AQubh4a', '1'),
    ('testuser101@venus.com', '$2a$10$8.UnVuG9HHgffUDAlk8qfOuVGkqRzgVymGe07xd00DMxs.AQubh4a', '1'),
    ('testuser102@venus.com', '$2a$10$8.UnVuG9HHgffUDAlk8qfOuVGkqRzgVymGe07xd00DMxs.AQubh4a', '1'),
    ('testuser103@venus.com', '$2a$10$8.UnVuG9HHgffUDAlk8qfOuVGkqRzgVymGe07xd00DMxs.AQubh4a', '1'),
    ('testuser104@venus.com', '$2a$10$8.UnVuG9HHgffUDAlk8qfOuVGkqRzgVymGe07xd00DMxs.AQubh4a', '1'),
    ('testuser105@venus.com', '$2a$10$8.UnVuG9HHgffUDAlk8qfOuVGkqRzgVymGe07xd00DMxs.AQubh4a', '1'),
    ('testuser106@venus.com', '$2a$10$8.UnVuG9HHgffUDAlk8qfOuVGkqRzgVymGe07xd00DMxs.AQubh4a', '1'),
    ('testuser107@venus.com', '$2a$10$8.UnVuG9HHgffUDAlk8qfOuVGkqRzgVymGe07xd00DMxs.AQubh4a', '1'),
    ('testuser108@venus.com', '$2a$10$8.UnVuG9HHgffUDAlk8qfOuVGkqRzgVymGe07xd00DMxs.AQubh4a', '1'),
    ('testuser109@venus.com', '$2a$10$8.UnVuG9HHgffUDAlk8qfOuVGkqRzgVymGe07xd00DMxs.AQubh4a', '1'),
    ('testuser110@venus.com', '$2a$10$8.UnVuG9HHgffUDAlk8qfOuVGkqRzgVymGe07xd00DMxs.AQubh4a', '1'),
    ('testuser111@venus.com', '$2a$10$8.UnVuG9HHgffUDAlk8qfOuVGkqRzgVymGe07xd00DMxs.AQubh4a', '1'),
    ('testuser112@venus.com', '$2a$10$8.UnVuG9HHgffUDAlk8qfOuVGkqRzgVymGe07xd00DMxs.AQubh4a', '1'),
    ('testuser113@venus.com', '$2a$10$8.UnVuG9HHgffUDAlk8qfOuVGkqRzgVymGe07xd00DMxs.AQubh4a', '1'),
    ('testuser114@venus.com', '$2a$10$8.UnVuG9HHgffUDAlk8qfOuVGkqRzgVymGe07xd00DMxs.AQubh4a', '1'),
    ('testuser115@venus.com', '$2a$10$8.UnVuG9HHgffUDAlk8qfOuVGkqRzgVymGe07xd00DMxs.AQubh4a', '1'),
    ('testuser116@venus.com', '$2a$10$8.UnVuG9HHgffUDAlk8qfOuVGkqRzgVymGe07xd00DMxs.AQubh4a', '1'),
    ('testuser117@venus.com', '$2a$10$8.UnVuG9HHgffUDAlk8qfOuVGkqRzgVymGe07xd00DMxs.AQubh4a', '1'),
    ('testuser118@venus.com', '$2a$10$8.UnVuG9HHgffUDAlk8qfOuVGkqRzgVymGe07xd00DMxs.AQubh4a', '1'),
    ('testuser119@venus.com', '$2a$10$8.UnVuG9HHgffUDAlk8qfOuVGkqRzgVymGe07xd00DMxs.AQubh4a', '1'),
    ('testuser120@venus.com', '$2a$10$8.UnVuG9HHgffUDAlk8qfOuVGkqRzgVymGe07xd00DMxs.AQubh4a', '1'),
    ('testuser121@venus.com', '$2a$10$8.UnVuG9HHgffUDAlk8qfOuVGkqRzgVymGe07xd00DMxs.AQubh4a', '1'),
    ('testuser122@venus.com', '$2a$10$8.UnVuG9HHgffUDAlk8qfOuVGkqRzgVymGe07xd00DMxs.AQubh4a', '1'),
    ('testuser123@venus.com', '$2a$10$8.UnVuG9HHgffUDAlk8qfOuVGkqRzgVymGe07xd00DMxs.AQubh4a', '1'),
    ('testuser124@venus.com', '$2a$10$8.UnVuG9HHgffUDAlk8qfOuVGkqRzgVymGe07xd00DMxs.AQubh4a', '1'),
    ('testuser125@venus.com', '$2a$10$8.UnVuG9HHgffUDAlk8qfOuVGkqRzgVymGe07xd00DMxs.AQubh4a', '1'),
    ('testuser126@venus.com', '$2a$10$8.UnVuG9HHgffUDAlk8qfOuVGkqRzgVymGe07xd00DMxs.AQubh4a', '1'),
    ('testuser127@venus.com', '$2a$10$8.UnVuG9HHgffUDAlk8qfOuVGkqRzgVymGe07xd00DMxs.AQubh4a', '1'),
    ('testuser128@venus.com', '$2a$10$8.UnVuG9HHgffUDAlk8qfOuVGkqRzgVymGe07xd00DMxs.AQubh4a', '1'),
    ('testuser129@venus.com', '$2a$10$8.UnVuG9HHgffUDAlk8qfOuVGkqRzgVymGe07xd00DMxs.AQubh4a', '1'),
    ('testuser130@venus.com', '$2a$10$8.UnVuG9HHgffUDAlk8qfOuVGkqRzgVymGe07xd00DMxs.AQubh4a', '1'),
    ('testuser131@venus.com', '$2a$10$8.UnVuG9HHgffUDAlk8qfOuVGkqRzgVymGe07xd00DMxs.AQubh4a', '1'),
    ('testuser132@venus.com', '$2a$10$8.UnVuG9HHgffUDAlk8qfOuVGkqRzgVymGe07xd00DMxs.AQubh4a', '1'),
    ('testuser133@venus.com', '$2a$10$8.UnVuG9HHgffUDAlk8qfOuVGkqRzgVymGe07xd00DMxs.AQubh4a', '1'),
    ('testuser134@venus.com', '$2a$10$8.UnVuG9HHgffUDAlk8qfOuVGkqRzgVymGe07xd00DMxs.AQubh4a', '1'),
    ('testuser135@venus.com', '$2a$10$8.UnVuG9HHgffUDAlk8qfOuVGkqRzgVymGe07xd00DMxs.AQubh4a', '1'),
    ('testuser136@venus.com', '$2a$10$8.UnVuG9HHgffUDAlk8qfOuVGkqRzgVymGe07xd00DMxs.AQubh4a', '1'),
    ('testuser137@venus.com', '$2a$10$8.UnVuG9HHgffUDAlk8qfOuVGkqRzgVymGe07xd00DMxs.AQubh4a', '1'),
    ('testuser138@venus.com', '$2a$10$8.UnVuG9HHgffUDAlk8qfOuVGkqRzgVymGe07xd00DMxs.AQubh4a', '1'),
    ('testuser139@venus.com', '$2a$10$8.UnVuG9HHgffUDAlk8qfOuVGkqRzgVymGe07xd00DMxs.AQubh4a', '1'),
    ('testuser140@venus.com', '$2a$10$8.UnVuG9HHgffUDAlk8qfOuVGkqRzgVymGe07xd00DMxs.AQubh4a', '1'),
    ('testuser141@venus.com', '$2a$10$8.UnVuG9HHgffUDAlk8qfOuVGkqRzgVymGe07xd00DMxs.AQubh4a', '1'),
    ('testuser142@venus.com', '$2a$10$8.UnVuG9HHgffUDAlk8qfOuVGkqRzgVymGe07xd00DMxs.AQubh4a', '1'),
    ('testuser143@venus.com', '$2a$10$8.UnVuG9HHgffUDAlk8qfOuVGkqRzgVymGe07xd00DMxs.AQubh4a', '1'),
    ('testuser144@venus.com', '$2a$10$8.UnVuG9HHgffUDAlk8qfOuVGkqRzgVymGe07xd00DMxs.AQubh4a', '1'),
    ('testuser145@venus.com', '$2a$10$8.UnVuG9HHgffUDAlk8qfOuVGkqRzgVymGe07xd00DMxs.AQubh4a', '1'),
    ('testuser146@venus.com', '$2a$10$8.UnVuG9HHgffUDAlk8qfOuVGkqRzgVymGe07xd00DMxs.AQubh4a', '1'),
    ('testuser147@venus.com', '$2a$10$8.UnVuG9HHgffUDAlk8qfOuVGkqRzgVymGe07xd00DMxs.AQubh4a', '1'),
    ('testuser148@venus.com', '$2a$10$8.UnVuG9HHgffUDAlk8qfOuVGkqRzgVymGe07xd00DMxs.AQubh4a', '1'),
    ('testuser149@venus.com', '$2a$10$8.UnVuG9HHgffUDAlk8qfOuVGkqRzgVymGe07xd00DMxs.AQubh4a', '1'),
    ('testuser150@venus.com', '$2a$10$8.UnVuG9HHgffUDAlk8qfOuVGkqRzgVymGe07xd00DMxs.AQubh4a', '1'),
    ('testuser151@venus.com', '$2a$10$8.UnVuG9HHgffUDAlk8qfOuVGkqRzgVymGe07xd00DMxs.AQubh4a', '1'),
    ('testuser152@venus.com', '$2a$10$8.UnVuG9HHgffUDAlk8qfOuVGkqRzgVymGe07xd00DMxs.AQubh4a', '1'),
    ('testuser153@venus.com', '$2a$10$8.UnVuG9HHgffUDAlk8qfOuVGkqRzgVymGe07xd00DMxs.AQubh4a', '1'),
    ('testuser154@venus.com', '$2a$10$8.UnVuG9HHgffUDAlk8qfOuVGkqRzgVymGe07xd00DMxs.AQubh4a', '1'),
    ('testuser155@venus.com', '$2a$10$8.UnVuG9HHgffUDAlk8qfOuVGkqRzgVymGe07xd00DMxs.AQubh4a', '1'),
    ('testuser156@venus.com', '$2a$10$8.UnVuG9HHgffUDAlk8qfOuVGkqRzgVymGe07xd00DMxs.AQubh4a', '1'),
    ('testuser157@venus.com', '$2a$10$8.UnVuG9HHgffUDAlk8qfOuVGkqRzgVymGe07xd00DMxs.AQubh4a', '1'),
    ('testuser158@venus.com', '$2a$10$8.UnVuG9HHgffUDAlk8qfOuVGkqRzgVymGe07xd00DMxs.AQubh4a', '1'),
    ('testuser159@venus.com', '$2a$10$8.UnVuG9HHgffUDAlk8qfOuVGkqRzgVymGe07xd00DMxs.AQubh4a', '1'),
    ('testuser160@venus.com', '$2a$10$8.UnVuG9HHgffUDAlk8qfOuVGkqRzgVymGe07xd00DMxs.AQubh4a', '1'),
    ('testuser161@venus.com', '$2a$10$8.UnVuG9HHgffUDAlk8qfOuVGkqRzgVymGe07xd00DMxs.AQubh4a', '1'),
    ('testuser162@venus.com', '$2a$10$8.UnVuG9HHgffUDAlk8qfOuVGkqRzgVymGe07xd00DMxs.AQubh4a', '1'),
    ('testuser163@venus.com', '$2a$10$8.UnVuG9HHgffUDAlk8qfOuVGkqRzgVymGe07xd00DMxs.AQubh4a', '1'),
    ('testuser164@venus.com', '$2a$10$8.UnVuG9HHgffUDAlk8qfOuVGkqRzgVymGe07xd00DMxs.AQubh4a', '1'),
    ('testuser165@venus.com', '$2a$10$8.UnVuG9HHgffUDAlk8qfOuVGkqRzgVymGe07xd00DMxs.AQubh4a', '1'),
    ('testuser166@venus.com', '$2a$10$8.UnVuG9HHgffUDAlk8qfOuVGkqRzgVymGe07xd00DMxs.AQubh4a', '1'),
    ('testuser167@venus.com', '$2a$10$8.UnVuG9HHgffUDAlk8qfOuVGkqRzgVymGe07xd00DMxs.AQubh4a', '1'),
    ('testuser168@venus.com', '$2a$10$8.UnVuG9HHgffUDAlk8qfOuVGkqRzgVymGe07xd00DMxs.AQubh4a', '1'),
    ('testuser169@venus.com', '$2a$10$8.UnVuG9HHgffUDAlk8qfOuVGkqRzgVymGe07xd00DMxs.AQubh4a', '1'),
    ('testuser170@venus.com', '$2a$10$8.UnVuG9HHgffUDAlk8qfOuVGkqRzgVymGe07xd00DMxs.AQubh4a', '1'),
    ('testuser171@venus.com', '$2a$10$8.UnVuG9HHgffUDAlk8qfOuVGkqRzgVymGe07xd00DMxs.AQubh4a', '1'),
    ('testuser172@venus.com', '$2a$10$8.UnVuG9HHgffUDAlk8qfOuVGkqRzgVymGe07xd00DMxs.AQubh4a', '1'),
    ('testuser173@venus.com', '$2a$10$8.UnVuG9HHgffUDAlk8qfOuVGkqRzgVymGe07xd00DMxs.AQubh4a', '1'),
    ('testuser174@venus.com', '$2a$10$8.UnVuG9HHgffUDAlk8qfOuVGkqRzgVymGe07xd00DMxs.AQubh4a', '1'),
    ('testuser175@venus.com', '$2a$10$8.UnVuG9HHgffUDAlk8qfOuVGkqRzgVymGe07xd00DMxs.AQubh4a', '1'),
    ('testuser176@venus.com', '$2a$10$8.UnVuG9HHgffUDAlk8qfOuVGkqRzgVymGe07xd00DMxs.AQubh4a', '1'),
    ('testuser177@venus.com', '$2a$10$8.UnVuG9HHgffUDAlk8qfOuVGkqRzgVymGe07xd00DMxs.AQubh4a', '1'),
    ('testuser178@venus.com', '$2a$10$8.UnVuG9HHgffUDAlk8qfOuVGkqRzgVymGe07xd00DMxs.AQubh4a', '1'),
    ('testuser179@venus.com', '$2a$10$8.UnVuG9HHgffUDAlk8qfOuVGkqRzgVymGe07xd00DMxs.AQubh4a', '1'),
    ('testuser180@venus.com', '$2a$10$8.UnVuG9HHgffUDAlk8qfOuVGkqRzgVymGe07xd00DMxs.AQubh4a', '1'),
    ('testuser181@venus.com', '$2a$10$8.UnVuG9HHgffUDAlk8qfOuVGkqRzgVymGe07xd00DMxs.AQubh4a', '1'),
    ('testuser182@venus.com', '$2a$10$8.UnVuG9HHgffUDAlk8qfOuVGkqRzgVymGe07xd00DMxs.AQubh4a', '1'),
    ('testuser183@venus.com', '$2a$10$8.UnVuG9HHgffUDAlk8qfOuVGkqRzgVymGe07xd00DMxs.AQubh4a', '1'),
    ('testuser184@venus.com', '$2a$10$8.UnVuG9HHgffUDAlk8qfOuVGkqRzgVymGe07xd00DMxs.AQubh4a', '1'),
    ('testuser185@venus.com', '$2a$10$8.UnVuG9HHgffUDAlk8qfOuVGkqRzgVymGe07xd00DMxs.AQubh4a', '1'),
    ('testuser186@venus.com', '$2a$10$8.UnVuG9HHgffUDAlk8qfOuVGkqRzgVymGe07xd00DMxs.AQubh4a', '1'),
    ('testuser187@venus.com', '$2a$10$8.UnVuG9HHgffUDAlk8qfOuVGkqRzgVymGe07xd00DMxs.AQubh4a', '1'),
    ('testuser188@venus.com', '$2a$10$8.UnVuG9HHgffUDAlk8qfOuVGkqRzgVymGe07xd00DMxs.AQubh4a', '1'),
    ('testuser189@venus.com', '$2a$10$8.UnVuG9HHgffUDAlk8qfOuVGkqRzgVymGe07xd00DMxs.AQubh4a', '1'),
    ('testuser190@venus.com', '$2a$10$8.UnVuG9HHgffUDAlk8qfOuVGkqRzgVymGe07xd00DMxs.AQubh4a', '1'),
    ('testuser191@venus.com', '$2a$10$8.UnVuG9HHgffUDAlk8qfOuVGkqRzgVymGe07xd00DMxs.AQubh4a', '1'),
    ('testuser192@venus.com', '$2a$10$8.UnVuG9HHgffUDAlk8qfOuVGkqRzgVymGe07xd00DMxs.AQubh4a', '1'),
    ('testuser193@venus.com', '$2a$10$8.UnVuG9HHgffUDAlk8qfOuVGkqRzgVymGe07xd00DMxs.AQubh4a', '1'),
    ('testuser194@venus.com', '$2a$10$8.UnVuG9HHgffUDAlk8qfOuVGkqRzgVymGe07xd00DMxs.AQubh4a', '1'),
    ('testuser195@venus.com', '$2a$10$8.UnVuG9HHgffUDAlk8qfOuVGkqRzgVymGe07xd00DMxs.AQubh4a', '1'),
    ('testuser196@venus.com', '$2a$10$8.UnVuG9HHgffUDAlk8qfOuVGkqRzgVymGe07xd00DMxs.AQubh4a', '1'),
    ('testuser197@venus.com', '$2a$10$8.UnVuG9HHgffUDAlk8qfOuVGkqRzgVymGe07xd00DMxs.AQubh4a', '1'),
    ('testuser198@venus.com', '$2a$10$8.UnVuG9HHgffUDAlk8qfOuVGkqRzgVymGe07xd00DMxs.AQubh4a', '1'),
    ('testuser199@venus.com', '$2a$10$8.UnVuG9HHgffUDAlk8qfOuVGkqRzgVymGe07xd00DMxs.AQubh4a', '1'),
    ('testuser200@venus.com', '$2a$10$8.UnVuG9HHgffUDAlk8qfOuVGkqRzgVymGe07xd00DMxs.AQubh4a', '1'),
    ('testuser201@venus.com', '$2a$10$8.UnVuG9HHgffUDAlk8qfOuVGkqRzgVymGe07xd00DMxs.AQubh4a', '1'),
    ('testuser202@venus.com', '$2a$10$8.UnVuG9HHgffUDAlk8qfOuVGkqRzgVymGe07xd00DMxs.AQubh4a', '1'),
    ('testuser203@venus.com', '$2a$10$8.UnVuG9HHgffUDAlk8qfOuVGkqRzgVymGe07xd00DMxs.AQubh4a', '1'),
    ('testuser204@venus.com', '$2a$10$8.UnVuG9HHgffUDAlk8qfOuVGkqRzgVymGe07xd00DMxs.AQubh4a', '1'),
    ('testuser205@venus.com', '$2a$10$8.UnVuG9HHgffUDAlk8qfOuVGkqRzgVymGe07xd00DMxs.AQubh4a', '1'),
    ('testuser206@venus.com', '$2a$10$8.UnVuG9HHgffUDAlk8qfOuVGkqRzgVymGe07xd00DMxs.AQubh4a', '1'),
    ('testuser207@venus.com', '$2a$10$8.UnVuG9HHgffUDAlk8qfOuVGkqRzgVymGe07xd00DMxs.AQubh4a', '1'),
    ('testuser208@venus.com', '$2a$10$8.UnVuG9HHgffUDAlk8qfOuVGkqRzgVymGe07xd00DMxs.AQubh4a', '1'),
    ('testuser209@venus.com', '$2a$10$8.UnVuG9HHgffUDAlk8qfOuVGkqRzgVymGe07xd00DMxs.AQubh4a', '1'),
    ('testuser210@venus.com', '$2a$10$8.UnVuG9HHgffUDAlk8qfOuVGkqRzgVymGe07xd00DMxs.AQubh4a', '1'),
    ('testuser211@venus.com', '$2a$10$8.UnVuG9HHgffUDAlk8qfOuVGkqRzgVymGe07xd00DMxs.AQubh4a', '1'),
    ('testuser212@venus.com', '$2a$10$8.UnVuG9HHgffUDAlk8qfOuVGkqRzgVymGe07xd00DMxs.AQubh4a', '1'),
    ('testuser213@venus.com', '$2a$10$8.UnVuG9HHgffUDAlk8qfOuVGkqRzgVymGe07xd00DMxs.AQubh4a', '1'),
    ('testuser214@venus.com', '$2a$10$8.UnVuG9HHgffUDAlk8qfOuVGkqRzgVymGe07xd00DMxs.AQubh4a', '1'),
    ('testuser215@venus.com', '$2a$10$8.UnVuG9HHgffUDAlk8qfOuVGkqRzgVymGe07xd00DMxs.AQubh4a', '1'),
    ('testuser216@venus.com', '$2a$10$8.UnVuG9HHgffUDAlk8qfOuVGkqRzgVymGe07xd00DMxs.AQubh4a', '1'),
    ('testuser217@venus.com', '$2a$10$8.UnVuG9HHgffUDAlk8qfOuVGkqRzgVymGe07xd00DMxs.AQubh4a', '1'),
    ('testuser218@venus.com', '$2a$10$8.UnVuG9HHgffUDAlk8qfOuVGkqRzgVymGe07xd00DMxs.AQubh4a', '1'),
    ('testuser219@venus.com', '$2a$10$8.UnVuG9HHgffUDAlk8qfOuVGkqRzgVymGe07xd00DMxs.AQubh4a', '1'),
    ('testuser220@venus.com', '$2a$10$8.UnVuG9HHgffUDAlk8qfOuVGkqRzgVymGe07xd00DMxs.AQubh4a', '1'),
    ('testuser221@venus.com', '$2a$10$8.UnVuG9HHgffUDAlk8qfOuVGkqRzgVymGe07xd00DMxs.AQubh4a', '1'),
    ('testuser222@venus.com', '$2a$10$8.UnVuG9HHgffUDAlk8qfOuVGkqRzgVymGe07xd00DMxs.AQubh4a', '1'),
    ('testuser223@venus.com', '$2a$10$8.UnVuG9HHgffUDAlk8qfOuVGkqRzgVymGe07xd00DMxs.AQubh4a', '1'),
    ('testuser224@venus.com', '$2a$10$8.UnVuG9HHgffUDAlk8qfOuVGkqRzgVymGe07xd00DMxs.AQubh4a', '1'),
    ('testuser225@venus.com', '$2a$10$8.UnVuG9HHgffUDAlk8qfOuVGkqRzgVymGe07xd00DMxs.AQubh4a', '1'),
    ('testuser226@venus.com', '$2a$10$8.UnVuG9HHgffUDAlk8qfOuVGkqRzgVymGe07xd00DMxs.AQubh4a', '1'),
    ('testuser227@venus.com', '$2a$10$8.UnVuG9HHgffUDAlk8qfOuVGkqRzgVymGe07xd00DMxs.AQubh4a', '1'),
    ('testuser228@venus.com', '$2a$10$8.UnVuG9HHgffUDAlk8qfOuVGkqRzgVymGe07xd00DMxs.AQubh4a', '1'),
    ('testuser229@venus.com', '$2a$10$8.UnVuG9HHgffUDAlk8qfOuVGkqRzgVymGe07xd00DMxs.AQubh4a', '1'),
    ('testuser230@venus.com', '$2a$10$8.UnVuG9HHgffUDAlk8qfOuVGkqRzgVymGe07xd00DMxs.AQubh4a', '1'),
    ('testuser231@venus.com', '$2a$10$8.UnVuG9HHgffUDAlk8qfOuVGkqRzgVymGe07xd00DMxs.AQubh4a', '1'),
    ('testuser232@venus.com', '$2a$10$8.UnVuG9HHgffUDAlk8qfOuVGkqRzgVymGe07xd00DMxs.AQubh4a', '1'),
    ('testuser233@venus.com', '$2a$10$8.UnVuG9HHgffUDAlk8qfOuVGkqRzgVymGe07xd00DMxs.AQubh4a', '1'),
    ('testuser234@venus.com', '$2a$10$8.UnVuG9HHgffUDAlk8qfOuVGkqRzgVymGe07xd00DMxs.AQubh4a', '1'),
    ('testuser235@venus.com', '$2a$10$8.UnVuG9HHgffUDAlk8qfOuVGkqRzgVymGe07xd00DMxs.AQubh4a', '1'),
    ('testuser236@venus.com', '$2a$10$8.UnVuG9HHgffUDAlk8qfOuVGkqRzgVymGe07xd00DMxs.AQubh4a', '1'),
    ('testuser237@venus.com', '$2a$10$8.UnVuG9HHgffUDAlk8qfOuVGkqRzgVymGe07xd00DMxs.AQubh4a', '1'),
    ('testuser238@venus.com', '$2a$10$8.UnVuG9HHgffUDAlk8qfOuVGkqRzgVymGe07xd00DMxs.AQubh4a', '1'),
    ('testuser239@venus.com', '$2a$10$8.UnVuG9HHgffUDAlk8qfOuVGkqRzgVymGe07xd00DMxs.AQubh4a', '1'),
    ('testuser240@venus.com', '$2a$10$8.UnVuG9HHgffUDAlk8qfOuVGkqRzgVymGe07xd00DMxs.AQubh4a', '1'),
    ('testuser241@venus.com', '$2a$10$8.UnVuG9HHgffUDAlk8qfOuVGkqRzgVymGe07xd00DMxs.AQubh4a', '1'),
    ('testuser242@venus.com', '$2a$10$8.UnVuG9HHgffUDAlk8qfOuVGkqRzgVymGe07xd00DMxs.AQubh4a', '1'),
    ('testuser243@venus.com', '$2a$10$8.UnVuG9HHgffUDAlk8qfOuVGkqRzgVymGe07xd00DMxs.AQubh4a', '1'),
    ('testuser244@venus.com', '$2a$10$8.UnVuG9HHgffUDAlk8qfOuVGkqRzgVymGe07xd00DMxs.AQubh4a', '1'),
    ('testuser245@venus.com', '$2a$10$8.UnVuG9HHgffUDAlk8qfOuVGkqRzgVymGe07xd00DMxs.AQubh4a', '1'),
    ('testuser246@venus.com', '$2a$10$8.UnVuG9HHgffUDAlk8qfOuVGkqRzgVymGe07xd00DMxs.AQubh4a', '1'),
    ('testuser247@venus.com', '$2a$10$8.UnVuG9HHgffUDAlk8qfOuVGkqRzgVymGe07xd00DMxs.AQubh4a', '1'),
    ('testuser248@venus.com', '$2a$10$8.UnVuG9HHgffUDAlk8qfOuVGkqRzgVymGe07xd00DMxs.AQubh4a', '1'),
    ('testuser249@venus.com', '$2a$10$8.UnVuG9HHgffUDAlk8qfOuVGkqRzgVymGe07xd00DMxs.AQubh4a', '1'),
    ('testuser250@venus.com', '$2a$10$8.UnVuG9HHgffUDAlk8qfOuVGkqRzgVymGe07xd00DMxs.AQubh4a', '1'),
    ('testuser251@venus.com', '$2a$10$8.UnVuG9HHgffUDAlk8qfOuVGkqRzgVymGe07xd00DMxs.AQubh4a', '1'),
    ('testuser252@venus.com', '$2a$10$8.UnVuG9HHgffUDAlk8qfOuVGkqRzgVymGe07xd00DMxs.AQubh4a', '1'),
    ('testuser253@venus.com', '$2a$10$8.UnVuG9HHgffUDAlk8qfOuVGkqRzgVymGe07xd00DMxs.AQubh4a', '1'),
    ('testuser254@venus.com', '$2a$10$8.UnVuG9HHgffUDAlk8qfOuVGkqRzgVymGe07xd00DMxs.AQubh4a', '1'),
    ('testuser255@venus.com', '$2a$10$8.UnVuG9HHgffUDAlk8qfOuVGkqRzgVymGe07xd00DMxs.AQubh4a', '1'),
    ('testuser256@venus.com', '$2a$10$8.UnVuG9HHgffUDAlk8qfOuVGkqRzgVymGe07xd00DMxs.AQubh4a', '1'),
    ('testuser257@venus.com', '$2a$10$8.UnVuG9HHgffUDAlk8qfOuVGkqRzgVymGe07xd00DMxs.AQubh4a', '1'),
    ('testuser258@venus.com', '$2a$10$8.UnVuG9HHgffUDAlk8qfOuVGkqRzgVymGe07xd00DMxs.AQubh4a', '1'),
    ('testuser259@venus.com', '$2a$10$8.UnVuG9HHgffUDAlk8qfOuVGkqRzgVymGe07xd00DMxs.AQubh4a', '1'),
    ('testuser260@venus.com', '$2a$10$8.UnVuG9HHgffUDAlk8qfOuVGkqRzgVymGe07xd00DMxs.AQubh4a', '1'),
    ('testuser261@venus.com', '$2a$10$8.UnVuG9HHgffUDAlk8qfOuVGkqRzgVymGe07xd00DMxs.AQubh4a', '1'),
    ('testuser262@venus.com', '$2a$10$8.UnVuG9HHgffUDAlk8qfOuVGkqRzgVymGe07xd00DMxs.AQubh4a', '1'),
    ('testuser263@venus.com', '$2a$10$8.UnVuG9HHgffUDAlk8qfOuVGkqRzgVymGe07xd00DMxs.AQubh4a', '1'),
    ('testuser264@venus.com', '$2a$10$8.UnVuG9HHgffUDAlk8qfOuVGkqRzgVymGe07xd00DMxs.AQubh4a', '1'),
    ('testuser265@venus.com', '$2a$10$8.UnVuG9HHgffUDAlk8qfOuVGkqRzgVymGe07xd00DMxs.AQubh4a', '1'),
    ('testuser266@venus.com', '$2a$10$8.UnVuG9HHgffUDAlk8qfOuVGkqRzgVymGe07xd00DMxs.AQubh4a', '1'),
    ('testuser267@venus.com', '$2a$10$8.UnVuG9HHgffUDAlk8qfOuVGkqRzgVymGe07xd00DMxs.AQubh4a', '1'),
    ('testuser268@venus.com', '$2a$10$8.UnVuG9HHgffUDAlk8qfOuVGkqRzgVymGe07xd00DMxs.AQubh4a', '1'),
    ('testuser269@venus.com', '$2a$10$8.UnVuG9HHgffUDAlk8qfOuVGkqRzgVymGe07xd00DMxs.AQubh4a', '1'),
    ('testuser270@venus.com', '$2a$10$8.UnVuG9HHgffUDAlk8qfOuVGkqRzgVymGe07xd00DMxs.AQubh4a', '1'),
    ('testuser271@venus.com', '$2a$10$8.UnVuG9HHgffUDAlk8qfOuVGkqRzgVymGe07xd00DMxs.AQubh4a', '1'),
    ('testuser272@venus.com', '$2a$10$8.UnVuG9HHgffUDAlk8qfOuVGkqRzgVymGe07xd00DMxs.AQubh4a', '1'),
    ('testuser273@venus.com', '$2a$10$8.UnVuG9HHgffUDAlk8qfOuVGkqRzgVymGe07xd00DMxs.AQubh4a', '1'),
    ('testuser274@venus.com', '$2a$10$8.UnVuG9HHgffUDAlk8qfOuVGkqRzgVymGe07xd00DMxs.AQubh4a', '1'),
    ('testuser275@venus.com', '$2a$10$8.UnVuG9HHgffUDAlk8qfOuVGkqRzgVymGe07xd00DMxs.AQubh4a', '1'),
    ('testuser276@venus.com', '$2a$10$8.UnVuG9HHgffUDAlk8qfOuVGkqRzgVymGe07xd00DMxs.AQubh4a', '1'),
    ('testuser277@venus.com', '$2a$10$8.UnVuG9HHgffUDAlk8qfOuVGkqRzgVymGe07xd00DMxs.AQubh4a', '1'),
    ('testuser278@venus.com', '$2a$10$8.UnVuG9HHgffUDAlk8qfOuVGkqRzgVymGe07xd00DMxs.AQubh4a', '1'),
    ('testuser279@venus.com', '$2a$10$8.UnVuG9HHgffUDAlk8qfOuVGkqRzgVymGe07xd00DMxs.AQubh4a', '1'),
    ('testuser280@venus.com', '$2a$10$8.UnVuG9HHgffUDAlk8qfOuVGkqRzgVymGe07xd00DMxs.AQubh4a', '1'),
    ('testuser281@venus.com', '$2a$10$8.UnVuG9HHgffUDAlk8qfOuVGkqRzgVymGe07xd00DMxs.AQubh4a', '1'),
    ('testuser282@venus.com', '$2a$10$8.UnVuG9HHgffUDAlk8qfOuVGkqRzgVymGe07xd00DMxs.AQubh4a', '1'),
    ('testuser283@venus.com', '$2a$10$8.UnVuG9HHgffUDAlk8qfOuVGkqRzgVymGe07xd00DMxs.AQubh4a', '1'),
    ('testuser284@venus.com', '$2a$10$8.UnVuG9HHgffUDAlk8qfOuVGkqRzgVymGe07xd00DMxs.AQubh4a', '1'),
    ('testuser285@venus.com', '$2a$10$8.UnVuG9HHgffUDAlk8qfOuVGkqRzgVymGe07xd00DMxs.AQubh4a', '1'),
    ('testuser286@venus.com', '$2a$10$8.UnVuG9HHgffUDAlk8qfOuVGkqRzgVymGe07xd00DMxs.AQubh4a', '1'),
    ('testuser287@venus.com', '$2a$10$8.UnVuG9HHgffUDAlk8qfOuVGkqRzgVymGe07xd00DMxs.AQubh4a', '1'),
    ('testuser288@venus.com', '$2a$10$8.UnVuG9HHgffUDAlk8qfOuVGkqRzgVymGe07xd00DMxs.AQubh4a', '1'),
    ('testuser289@venus.com', '$2a$10$8.UnVuG9HHgffUDAlk8qfOuVGkqRzgVymGe07xd00DMxs.AQubh4a', '1'),
    ('testuser290@venus.com', '$2a$10$8.UnVuG9HHgffUDAlk8qfOuVGkqRzgVymGe07xd00DMxs.AQubh4a', '1'),
    ('testuser291@venus.com', '$2a$10$8.UnVuG9HHgffUDAlk8qfOuVGkqRzgVymGe07xd00DMxs.AQubh4a', '1'),
    ('testuser292@venus.com', '$2a$10$8.UnVuG9HHgffUDAlk8qfOuVGkqRzgVymGe07xd00DMxs.AQubh4a', '1'),
    ('testuser293@venus.com', '$2a$10$8.UnVuG9HHgffUDAlk8qfOuVGkqRzgVymGe07xd00DMxs.AQubh4a', '1'),
    ('testuser294@venus.com', '$2a$10$8.UnVuG9HHgffUDAlk8qfOuVGkqRzgVymGe07xd00DMxs.AQubh4a', '1'),
    ('testuser295@venus.com', '$2a$10$8.UnVuG9HHgffUDAlk8qfOuVGkqRzgVymGe07xd00DMxs.AQubh4a', '1'),
    ('testuser296@venus.com', '$2a$10$8.UnVuG9HHgffUDAlk8qfOuVGkqRzgVymGe07xd00DMxs.AQubh4a', '1'),
    ('testuser297@venus.com', '$2a$10$8.UnVuG9HHgffUDAlk8qfOuVGkqRzgVymGe07xd00DMxs.AQubh4a', '1'),
    ('testuser298@venus.com', '$2a$10$8.UnVuG9HHgffUDAlk8qfOuVGkqRzgVymGe07xd00DMxs.AQubh4a', '1'),
    ('testuser299@venus.com', '$2a$10$8.UnVuG9HHgffUDAlk8qfOuVGkqRzgVymGe07xd00DMxs.AQubh4a', '1'),
    ('testuser300@venus.com', '$2a$10$8.UnVuG9HHgffUDAlk8qfOuVGkqRzgVymGe07xd00DMxs.AQubh4a', '1'),
    ('testuser301@venus.com', '$2a$10$8.UnVuG9HHgffUDAlk8qfOuVGkqRzgVymGe07xd00DMxs.AQubh4a', '1'),
    ('testuser302@venus.com', '$2a$10$8.UnVuG9HHgffUDAlk8qfOuVGkqRzgVymGe07xd00DMxs.AQubh4a', '1'),
    ('testuser303@venus.com', '$2a$10$8.UnVuG9HHgffUDAlk8qfOuVGkqRzgVymGe07xd00DMxs.AQubh4a', '1'),
    ('testuser304@venus.com', '$2a$10$8.UnVuG9HHgffUDAlk8qfOuVGkqRzgVymGe07xd00DMxs.AQubh4a', '1'),
    ('testuser305@venus.com', '$2a$10$8.UnVuG9HHgffUDAlk8qfOuVGkqRzgVymGe07xd00DMxs.AQubh4a', '1'),
    ('testuser306@venus.com', '$2a$10$8.UnVuG9HHgffUDAlk8qfOuVGkqRzgVymGe07xd00DMxs.AQubh4a', '1'),
    ('testuser307@venus.com', '$2a$10$8.UnVuG9HHgffUDAlk8qfOuVGkqRzgVymGe07xd00DMxs.AQubh4a', '1'),
    ('testuser308@venus.com', '$2a$10$8.UnVuG9HHgffUDAlk8qfOuVGkqRzgVymGe07xd00DMxs.AQubh4a', '1'),
    ('testuser309@venus.com', '$2a$10$8.UnVuG9HHgffUDAlk8qfOuVGkqRzgVymGe07xd00DMxs.AQubh4a', '1'),
    ('testuser310@venus.com', '$2a$10$8.UnVuG9HHgffUDAlk8qfOuVGkqRzgVymGe07xd00DMxs.AQubh4a', '1'),
    ('testuser311@venus.com', '$2a$10$8.UnVuG9HHgffUDAlk8qfOuVGkqRzgVymGe07xd00DMxs.AQubh4a', '1'),
    ('testuser312@venus.com', '$2a$10$8.UnVuG9HHgffUDAlk8qfOuVGkqRzgVymGe07xd00DMxs.AQubh4a', '1'),
    ('testuser313@venus.com', '$2a$10$8.UnVuG9HHgffUDAlk8qfOuVGkqRzgVymGe07xd00DMxs.AQubh4a', '1'),
    ('testuser314@venus.com', '$2a$10$8.UnVuG9HHgffUDAlk8qfOuVGkqRzgVymGe07xd00DMxs.AQubh4a', '1'),
    ('testuser315@venus.com', '$2a$10$8.UnVuG9HHgffUDAlk8qfOuVGkqRzgVymGe07xd00DMxs.AQubh4a', '1'),
    ('testuser316@venus.com', '$2a$10$8.UnVuG9HHgffUDAlk8qfOuVGkqRzgVymGe07xd00DMxs.AQubh4a', '1'),
    ('testuser317@venus.com', '$2a$10$8.UnVuG9HHgffUDAlk8qfOuVGkqRzgVymGe07xd00DMxs.AQubh4a', '1'),
    ('testuser318@venus.com', '$2a$10$8.UnVuG9HHgffUDAlk8qfOuVGkqRzgVymGe07xd00DMxs.AQubh4a', '1'),
    ('testuser319@venus.com', '$2a$10$8.UnVuG9HHgffUDAlk8qfOuVGkqRzgVymGe07xd00DMxs.AQubh4a', '1'),
    ('testuser320@venus.com', '$2a$10$8.UnVuG9HHgffUDAlk8qfOuVGkqRzgVymGe07xd00DMxs.AQubh4a', '1'),
    ('testuser321@venus.com', '$2a$10$8.UnVuG9HHgffUDAlk8qfOuVGkqRzgVymGe07xd00DMxs.AQubh4a', '1'),
    ('testuser322@venus.com', '$2a$10$8.UnVuG9HHgffUDAlk8qfOuVGkqRzgVymGe07xd00DMxs.AQubh4a', '1'),
    ('testuser323@venus.com', '$2a$10$8.UnVuG9HHgffUDAlk8qfOuVGkqRzgVymGe07xd00DMxs.AQubh4a', '1'),
    ('testuser324@venus.com', '$2a$10$8.UnVuG9HHgffUDAlk8qfOuVGkqRzgVymGe07xd00DMxs.AQubh4a', '1'),
    ('testuser325@venus.com', '$2a$10$8.UnVuG9HHgffUDAlk8qfOuVGkqRzgVymGe07xd00DMxs.AQubh4a', '1'),
    ('testuser326@venus.com', '$2a$10$8.UnVuG9HHgffUDAlk8qfOuVGkqRzgVymGe07xd00DMxs.AQubh4a', '1'),
    ('testuser327@venus.com', '$2a$10$8.UnVuG9HHgffUDAlk8qfOuVGkqRzgVymGe07xd00DMxs.AQubh4a', '1'),
    ('testuser328@venus.com', '$2a$10$8.UnVuG9HHgffUDAlk8qfOuVGkqRzgVymGe07xd00DMxs.AQubh4a', '1'),
    ('testuser329@venus.com', '$2a$10$8.UnVuG9HHgffUDAlk8qfOuVGkqRzgVymGe07xd00DMxs.AQubh4a', '1'),
    ('testuser330@venus.com', '$2a$10$8.UnVuG9HHgffUDAlk8qfOuVGkqRzgVymGe07xd00DMxs.AQubh4a', '1'),
    ('testuser331@venus.com', '$2a$10$8.UnVuG9HHgffUDAlk8qfOuVGkqRzgVymGe07xd00DMxs.AQubh4a', '1'),
    ('testuser332@venus.com', '$2a$10$8.UnVuG9HHgffUDAlk8qfOuVGkqRzgVymGe07xd00DMxs.AQubh4a', '1'),
    ('testuser333@venus.com', '$2a$10$8.UnVuG9HHgffUDAlk8qfOuVGkqRzgVymGe07xd00DMxs.AQubh4a', '1'),
    ('testuser334@venus.com', '$2a$10$8.UnVuG9HHgffUDAlk8qfOuVGkqRzgVymGe07xd00DMxs.AQubh4a', '1'),
    ('testuser335@venus.com', '$2a$10$8.UnVuG9HHgffUDAlk8qfOuVGkqRzgVymGe07xd00DMxs.AQubh4a', '1'),
    ('testuser336@venus.com', '$2a$10$8.UnVuG9HHgffUDAlk8qfOuVGkqRzgVymGe07xd00DMxs.AQubh4a', '1'),
    ('testuser337@venus.com', '$2a$10$8.UnVuG9HHgffUDAlk8qfOuVGkqRzgVymGe07xd00DMxs.AQubh4a', '1'),
    ('testuser338@venus.com', '$2a$10$8.UnVuG9HHgffUDAlk8qfOuVGkqRzgVymGe07xd00DMxs.AQubh4a', '1'),
    ('testuser339@venus.com', '$2a$10$8.UnVuG9HHgffUDAlk8qfOuVGkqRzgVymGe07xd00DMxs.AQubh4a', '1'),
    ('testuser340@venus.com', '$2a$10$8.UnVuG9HHgffUDAlk8qfOuVGkqRzgVymGe07xd00DMxs.AQubh4a', '1'),
    ('testuser341@venus.com', '$2a$10$8.UnVuG9HHgffUDAlk8qfOuVGkqRzgVymGe07xd00DMxs.AQubh4a', '1'),
    ('testuser342@venus.com', '$2a$10$8.UnVuG9HHgffUDAlk8qfOuVGkqRzgVymGe07xd00DMxs.AQubh4a', '1'),
    ('testuser343@venus.com', '$2a$10$8.UnVuG9HHgffUDAlk8qfOuVGkqRzgVymGe07xd00DMxs.AQubh4a', '1'),
    ('testuser344@venus.com', '$2a$10$8.UnVuG9HHgffUDAlk8qfOuVGkqRzgVymGe07xd00DMxs.AQubh4a', '1'),
    ('testuser345@venus.com', '$2a$10$8.UnVuG9HHgffUDAlk8qfOuVGkqRzgVymGe07xd00DMxs.AQubh4a', '1'),
    ('testuser346@venus.com', '$2a$10$8.UnVuG9HHgffUDAlk8qfOuVGkqRzgVymGe07xd00DMxs.AQubh4a', '1'),
    ('testuser347@venus.com', '$2a$10$8.UnVuG9HHgffUDAlk8qfOuVGkqRzgVymGe07xd00DMxs.AQubh4a', '1'),
    ('testuser348@venus.com', '$2a$10$8.UnVuG9HHgffUDAlk8qfOuVGkqRzgVymGe07xd00DMxs.AQubh4a', '1'),
    ('testuser349@venus.com', '$2a$10$8.UnVuG9HHgffUDAlk8qfOuVGkqRzgVymGe07xd00DMxs.AQubh4a', '1'),
    ('testuser350@venus.com', '$2a$10$8.UnVuG9HHgffUDAlk8qfOuVGkqRzgVymGe07xd00DMxs.AQubh4a', '1'),
    ('testuser351@venus.com', '$2a$10$8.UnVuG9HHgffUDAlk8qfOuVGkqRzgVymGe07xd00DMxs.AQubh4a', '1'),
    ('testuser352@venus.com', '$2a$10$8.UnVuG9HHgffUDAlk8qfOuVGkqRzgVymGe07xd00DMxs.AQubh4a', '1'),
    ('testuser353@venus.com', '$2a$10$8.UnVuG9HHgffUDAlk8qfOuVGkqRzgVymGe07xd00DMxs.AQubh4a', '1'),
    ('testuser354@venus.com', '$2a$10$8.UnVuG9HHgffUDAlk8qfOuVGkqRzgVymGe07xd00DMxs.AQubh4a', '1'),
    ('testuser355@venus.com', '$2a$10$8.UnVuG9HHgffUDAlk8qfOuVGkqRzgVymGe07xd00DMxs.AQubh4a', '1'),
    ('testuser356@venus.com', '$2a$10$8.UnVuG9HHgffUDAlk8qfOuVGkqRzgVymGe07xd00DMxs.AQubh4a', '1'),
    ('testuser357@venus.com', '$2a$10$8.UnVuG9HHgffUDAlk8qfOuVGkqRzgVymGe07xd00DMxs.AQubh4a', '1'),
    ('testuser358@venus.com', '$2a$10$8.UnVuG9HHgffUDAlk8qfOuVGkqRzgVymGe07xd00DMxs.AQubh4a', '1'),
    ('testuser359@venus.com', '$2a$10$8.UnVuG9HHgffUDAlk8qfOuVGkqRzgVymGe07xd00DMxs.AQubh4a', '1'),
    ('testuser360@venus.com', '$2a$10$8.UnVuG9HHgffUDAlk8qfOuVGkqRzgVymGe07xd00DMxs.AQubh4a', '1'),
    ('testuser361@venus.com', '$2a$10$8.UnVuG9HHgffUDAlk8qfOuVGkqRzgVymGe07xd00DMxs.AQubh4a', '1'),
    ('testuser362@venus.com', '$2a$10$8.UnVuG9HHgffUDAlk8qfOuVGkqRzgVymGe07xd00DMxs.AQubh4a', '1'),
    ('testuser363@venus.com', '$2a$10$8.UnVuG9HHgffUDAlk8qfOuVGkqRzgVymGe07xd00DMxs.AQubh4a', '1'),
    ('testuser364@venus.com', '$2a$10$8.UnVuG9HHgffUDAlk8qfOuVGkqRzgVymGe07xd00DMxs.AQubh4a', '1'),
    ('testuser365@venus.com', '$2a$10$8.UnVuG9HHgffUDAlk8qfOuVGkqRzgVymGe07xd00DMxs.AQubh4a', '1'),
    ('testuser366@venus.com', '$2a$10$8.UnVuG9HHgffUDAlk8qfOuVGkqRzgVymGe07xd00DMxs.AQubh4a', '1'),
    ('testuser367@venus.com', '$2a$10$8.UnVuG9HHgffUDAlk8qfOuVGkqRzgVymGe07xd00DMxs.AQubh4a', '1'),
    ('testuser368@venus.com', '$2a$10$8.UnVuG9HHgffUDAlk8qfOuVGkqRzgVymGe07xd00DMxs.AQubh4a', '1'),
    ('testuser369@venus.com', '$2a$10$8.UnVuG9HHgffUDAlk8qfOuVGkqRzgVymGe07xd00DMxs.AQubh4a', '1'),
    ('testuser370@venus.com', '$2a$10$8.UnVuG9HHgffUDAlk8qfOuVGkqRzgVymGe07xd00DMxs.AQubh4a', '1'),
    ('testuser371@venus.com', '$2a$10$8.UnVuG9HHgffUDAlk8qfOuVGkqRzgVymGe07xd00DMxs.AQubh4a', '1'),
    ('testuser372@venus.com', '$2a$10$8.UnVuG9HHgffUDAlk8qfOuVGkqRzgVymGe07xd00DMxs.AQubh4a', '1'),
    ('testuser373@venus.com', '$2a$10$8.UnVuG9HHgffUDAlk8qfOuVGkqRzgVymGe07xd00DMxs.AQubh4a', '1'),
    ('testuser374@venus.com', '$2a$10$8.UnVuG9HHgffUDAlk8qfOuVGkqRzgVymGe07xd00DMxs.AQubh4a', '1'),
    ('testuser375@venus.com', '$2a$10$8.UnVuG9HHgffUDAlk8qfOuVGkqRzgVymGe07xd00DMxs.AQubh4a', '1'),
    ('testuser376@venus.com', '$2a$10$8.UnVuG9HHgffUDAlk8qfOuVGkqRzgVymGe07xd00DMxs.AQubh4a', '1'),
    ('testuser377@venus.com', '$2a$10$8.UnVuG9HHgffUDAlk8qfOuVGkqRzgVymGe07xd00DMxs.AQubh4a', '1'),
    ('testuser378@venus.com', '$2a$10$8.UnVuG9HHgffUDAlk8qfOuVGkqRzgVymGe07xd00DMxs.AQubh4a', '1'),
    ('testuser379@venus.com', '$2a$10$8.UnVuG9HHgffUDAlk8qfOuVGkqRzgVymGe07xd00DMxs.AQubh4a', '1'),
    ('testuser380@venus.com', '$2a$10$8.UnVuG9HHgffUDAlk8qfOuVGkqRzgVymGe07xd00DMxs.AQubh4a', '1'),
    ('testuser381@venus.com', '$2a$10$8.UnVuG9HHgffUDAlk8qfOuVGkqRzgVymGe07xd00DMxs.AQubh4a', '1'),
    ('testuser382@venus.com', '$2a$10$8.UnVuG9HHgffUDAlk8qfOuVGkqRzgVymGe07xd00DMxs.AQubh4a', '1'),
    ('testuser383@venus.com', '$2a$10$8.UnVuG9HHgffUDAlk8qfOuVGkqRzgVymGe07xd00DMxs.AQubh4a', '1'),
    ('testuser384@venus.com', '$2a$10$8.UnVuG9HHgffUDAlk8qfOuVGkqRzgVymGe07xd00DMxs.AQubh4a', '1'),
    ('testuser385@venus.com', '$2a$10$8.UnVuG9HHgffUDAlk8qfOuVGkqRzgVymGe07xd00DMxs.AQubh4a', '1'),
    ('testuser386@venus.com', '$2a$10$8.UnVuG9HHgffUDAlk8qfOuVGkqRzgVymGe07xd00DMxs.AQubh4a', '1'),
    ('testuser387@venus.com', '$2a$10$8.UnVuG9HHgffUDAlk8qfOuVGkqRzgVymGe07xd00DMxs.AQubh4a', '1'),
    ('testuser388@venus.com', '$2a$10$8.UnVuG9HHgffUDAlk8qfOuVGkqRzgVymGe07xd00DMxs.AQubh4a', '1'),
    ('testuser389@venus.com', '$2a$10$8.UnVuG9HHgffUDAlk8qfOuVGkqRzgVymGe07xd00DMxs.AQubh4a', '1'),
    ('testuser390@venus.com', '$2a$10$8.UnVuG9HHgffUDAlk8qfOuVGkqRzgVymGe07xd00DMxs.AQubh4a', '1'),
    ('testuser391@venus.com', '$2a$10$8.UnVuG9HHgffUDAlk8qfOuVGkqRzgVymGe07xd00DMxs.AQubh4a', '1'),
    ('testuser392@venus.com', '$2a$10$8.UnVuG9HHgffUDAlk8qfOuVGkqRzgVymGe07xd00DMxs.AQubh4a', '1'),
    ('testuser393@venus.com', '$2a$10$8.UnVuG9HHgffUDAlk8qfOuVGkqRzgVymGe07xd00DMxs.AQubh4a', '1'),
    ('testuser394@venus.com', '$2a$10$8.UnVuG9HHgffUDAlk8qfOuVGkqRzgVymGe07xd00DMxs.AQubh4a', '1'),
    ('testuser395@venus.com', '$2a$10$8.UnVuG9HHgffUDAlk8qfOuVGkqRzgVymGe07xd00DMxs.AQubh4a', '1'),
    ('testuser396@venus.com', '$2a$10$8.UnVuG9HHgffUDAlk8qfOuVGkqRzgVymGe07xd00DMxs.AQubh4a', '1'),
    ('testuser397@venus.com', '$2a$10$8.UnVuG9HHgffUDAlk8qfOuVGkqRzgVymGe07xd00DMxs.AQubh4a', '1'),
    ('testuser398@venus.com', '$2a$10$8.UnVuG9HHgffUDAlk8qfOuVGkqRzgVymGe07xd00DMxs.AQubh4a', '1'),
    ('testuser399@venus.com', '$2a$10$8.UnVuG9HHgffUDAlk8qfOuVGkqRzgVymGe07xd00DMxs.AQubh4a', '1'),
    ('testuser400@venus.com', '$2a$10$8.UnVuG9HHgffUDAlk8qfOuVGkqRzgVymGe07xd00DMxs.AQubh4a', '1'),
    ('testuser401@venus.com', '$2a$10$8.UnVuG9HHgffUDAlk8qfOuVGkqRzgVymGe07xd00DMxs.AQubh4a', '1'),
    ('testuser402@venus.com', '$2a$10$8.UnVuG9HHgffUDAlk8qfOuVGkqRzgVymGe07xd00DMxs.AQubh4a', '1'),
    ('testuser403@venus.com', '$2a$10$8.UnVuG9HHgffUDAlk8qfOuVGkqRzgVymGe07xd00DMxs.AQubh4a', '1'),
    ('testuser404@venus.com', '$2a$10$8.UnVuG9HHgffUDAlk8qfOuVGkqRzgVymGe07xd00DMxs.AQubh4a', '1'),
    ('testuser405@venus.com', '$2a$10$8.UnVuG9HHgffUDAlk8qfOuVGkqRzgVymGe07xd00DMxs.AQubh4a', '1'),
    ('testuser406@venus.com', '$2a$10$8.UnVuG9HHgffUDAlk8qfOuVGkqRzgVymGe07xd00DMxs.AQubh4a', '1'),
    ('testuser407@venus.com', '$2a$10$8.UnVuG9HHgffUDAlk8qfOuVGkqRzgVymGe07xd00DMxs.AQubh4a', '1'),
    ('testuser408@venus.com', '$2a$10$8.UnVuG9HHgffUDAlk8qfOuVGkqRzgVymGe07xd00DMxs.AQubh4a', '1'),
    ('testuser409@venus.com', '$2a$10$8.UnVuG9HHgffUDAlk8qfOuVGkqRzgVymGe07xd00DMxs.AQubh4a', '1'),
    ('testuser410@venus.com', '$2a$10$8.UnVuG9HHgffUDAlk8qfOuVGkqRzgVymGe07xd00DMxs.AQubh4a', '1'),
    ('testuser411@venus.com', '$2a$10$8.UnVuG9HHgffUDAlk8qfOuVGkqRzgVymGe07xd00DMxs.AQubh4a', '1'),
    ('testuser412@venus.com', '$2a$10$8.UnVuG9HHgffUDAlk8qfOuVGkqRzgVymGe07xd00DMxs.AQubh4a', '1'),
    ('testuser413@venus.com', '$2a$10$8.UnVuG9HHgffUDAlk8qfOuVGkqRzgVymGe07xd00DMxs.AQubh4a', '1'),
    ('testuser414@venus.com', '$2a$10$8.UnVuG9HHgffUDAlk8qfOuVGkqRzgVymGe07xd00DMxs.AQubh4a', '1'),
    ('testuser415@venus.com', '$2a$10$8.UnVuG9HHgffUDAlk8qfOuVGkqRzgVymGe07xd00DMxs.AQubh4a', '1'),
    ('testuser416@venus.com', '$2a$10$8.UnVuG9HHgffUDAlk8qfOuVGkqRzgVymGe07xd00DMxs.AQubh4a', '1'),
    ('testuser417@venus.com', '$2a$10$8.UnVuG9HHgffUDAlk8qfOuVGkqRzgVymGe07xd00DMxs.AQubh4a', '1'),
    ('testuser418@venus.com', '$2a$10$8.UnVuG9HHgffUDAlk8qfOuVGkqRzgVymGe07xd00DMxs.AQubh4a', '1'),
    ('testuser419@venus.com', '$2a$10$8.UnVuG9HHgffUDAlk8qfOuVGkqRzgVymGe07xd00DMxs.AQubh4a', '1'),
    ('testuser420@venus.com', '$2a$10$8.UnVuG9HHgffUDAlk8qfOuVGkqRzgVymGe07xd00DMxs.AQubh4a', '1'),
    ('testuser421@venus.com', '$2a$10$8.UnVuG9HHgffUDAlk8qfOuVGkqRzgVymGe07xd00DMxs.AQubh4a', '1'),
    ('testuser422@venus.com', '$2a$10$8.UnVuG9HHgffUDAlk8qfOuVGkqRzgVymGe07xd00DMxs.AQubh4a', '1'),
    ('testuser423@venus.com', '$2a$10$8.UnVuG9HHgffUDAlk8qfOuVGkqRzgVymGe07xd00DMxs.AQubh4a', '1'),
    ('testuser424@venus.com', '$2a$10$8.UnVuG9HHgffUDAlk8qfOuVGkqRzgVymGe07xd00DMxs.AQubh4a', '1'),
    ('testuser425@venus.com', '$2a$10$8.UnVuG9HHgffUDAlk8qfOuVGkqRzgVymGe07xd00DMxs.AQubh4a', '1'),
    ('testuser426@venus.com', '$2a$10$8.UnVuG9HHgffUDAlk8qfOuVGkqRzgVymGe07xd00DMxs.AQubh4a', '1'),
    ('testuser427@venus.com', '$2a$10$8.UnVuG9HHgffUDAlk8qfOuVGkqRzgVymGe07xd00DMxs.AQubh4a', '1'),
    ('testuser428@venus.com', '$2a$10$8.UnVuG9HHgffUDAlk8qfOuVGkqRzgVymGe07xd00DMxs.AQubh4a', '1'),
    ('testuser429@venus.com', '$2a$10$8.UnVuG9HHgffUDAlk8qfOuVGkqRzgVymGe07xd00DMxs.AQubh4a', '1'),
    ('testuser430@venus.com', '$2a$10$8.UnVuG9HHgffUDAlk8qfOuVGkqRzgVymGe07xd00DMxs.AQubh4a', '1'),
    ('testuser431@venus.com', '$2a$10$8.UnVuG9HHgffUDAlk8qfOuVGkqRzgVymGe07xd00DMxs.AQubh4a', '1'),
    ('testuser432@venus.com', '$2a$10$8.UnVuG9HHgffUDAlk8qfOuVGkqRzgVymGe07xd00DMxs.AQubh4a', '1'),
    ('testuser433@venus.com', '$2a$10$8.UnVuG9HHgffUDAlk8qfOuVGkqRzgVymGe07xd00DMxs.AQubh4a', '1'),
    ('testuser434@venus.com', '$2a$10$8.UnVuG9HHgffUDAlk8qfOuVGkqRzgVymGe07xd00DMxs.AQubh4a', '1'),
    ('testuser435@venus.com', '$2a$10$8.UnVuG9HHgffUDAlk8qfOuVGkqRzgVymGe07xd00DMxs.AQubh4a', '1'),
    ('testuser436@venus.com', '$2a$10$8.UnVuG9HHgffUDAlk8qfOuVGkqRzgVymGe07xd00DMxs.AQubh4a', '1'),
    ('testuser437@venus.com', '$2a$10$8.UnVuG9HHgffUDAlk8qfOuVGkqRzgVymGe07xd00DMxs.AQubh4a', '1'),
    ('testuser438@venus.com', '$2a$10$8.UnVuG9HHgffUDAlk8qfOuVGkqRzgVymGe07xd00DMxs.AQubh4a', '1'),
    ('testuser439@venus.com', '$2a$10$8.UnVuG9HHgffUDAlk8qfOuVGkqRzgVymGe07xd00DMxs.AQubh4a', '1'),
    ('testuser440@venus.com', '$2a$10$8.UnVuG9HHgffUDAlk8qfOuVGkqRzgVymGe07xd00DMxs.AQubh4a', '1'),
    ('testuser441@venus.com', '$2a$10$8.UnVuG9HHgffUDAlk8qfOuVGkqRzgVymGe07xd00DMxs.AQubh4a', '1'),
    ('testuser442@venus.com', '$2a$10$8.UnVuG9HHgffUDAlk8qfOuVGkqRzgVymGe07xd00DMxs.AQubh4a', '1'),
    ('testuser443@venus.com', '$2a$10$8.UnVuG9HHgffUDAlk8qfOuVGkqRzgVymGe07xd00DMxs.AQubh4a', '1'),
    ('testuser444@venus.com', '$2a$10$8.UnVuG9HHgffUDAlk8qfOuVGkqRzgVymGe07xd00DMxs.AQubh4a', '1'),
    ('testuser445@venus.com', '$2a$10$8.UnVuG9HHgffUDAlk8qfOuVGkqRzgVymGe07xd00DMxs.AQubh4a', '1'),
    ('testuser446@venus.com', '$2a$10$8.UnVuG9HHgffUDAlk8qfOuVGkqRzgVymGe07xd00DMxs.AQubh4a', '1'),
    ('testuser447@venus.com', '$2a$10$8.UnVuG9HHgffUDAlk8qfOuVGkqRzgVymGe07xd00DMxs.AQubh4a', '1'),
    ('testuser448@venus.com', '$2a$10$8.UnVuG9HHgffUDAlk8qfOuVGkqRzgVymGe07xd00DMxs.AQubh4a', '1'),
    ('testuser449@venus.com', '$2a$10$8.UnVuG9HHgffUDAlk8qfOuVGkqRzgVymGe07xd00DMxs.AQubh4a', '1'),
    ('testuser450@venus.com', '$2a$10$8.UnVuG9HHgffUDAlk8qfOuVGkqRzgVymGe07xd00DMxs.AQubh4a', '1'),
    ('testuser451@venus.com', '$2a$10$8.UnVuG9HHgffUDAlk8qfOuVGkqRzgVymGe07xd00DMxs.AQubh4a', '1'),
    ('testuser452@venus.com', '$2a$10$8.UnVuG9HHgffUDAlk8qfOuVGkqRzgVymGe07xd00DMxs.AQubh4a', '1'),
    ('testuser453@venus.com', '$2a$10$8.UnVuG9HHgffUDAlk8qfOuVGkqRzgVymGe07xd00DMxs.AQubh4a', '1'),
    ('testuser454@venus.com', '$2a$10$8.UnVuG9HHgffUDAlk8qfOuVGkqRzgVymGe07xd00DMxs.AQubh4a', '1'),
    ('testuser455@venus.com', '$2a$10$8.UnVuG9HHgffUDAlk8qfOuVGkqRzgVymGe07xd00DMxs.AQubh4a', '1'),
    ('testuser456@venus.com', '$2a$10$8.UnVuG9HHgffUDAlk8qfOuVGkqRzgVymGe07xd00DMxs.AQubh4a', '1'),
    ('testuser457@venus.com', '$2a$10$8.UnVuG9HHgffUDAlk8qfOuVGkqRzgVymGe07xd00DMxs.AQubh4a', '1'),
    ('testuser458@venus.com', '$2a$10$8.UnVuG9HHgffUDAlk8qfOuVGkqRzgVymGe07xd00DMxs.AQubh4a', '1'),
    ('testuser459@venus.com', '$2a$10$8.UnVuG9HHgffUDAlk8qfOuVGkqRzgVymGe07xd00DMxs.AQubh4a', '1'),
    ('testuser460@venus.com', '$2a$10$8.UnVuG9HHgffUDAlk8qfOuVGkqRzgVymGe07xd00DMxs.AQubh4a', '1'),
    ('testuser461@venus.com', '$2a$10$8.UnVuG9HHgffUDAlk8qfOuVGkqRzgVymGe07xd00DMxs.AQubh4a', '1'),
    ('testuser462@venus.com', '$2a$10$8.UnVuG9HHgffUDAlk8qfOuVGkqRzgVymGe07xd00DMxs.AQubh4a', '1'),
    ('testuser463@venus.com', '$2a$10$8.UnVuG9HHgffUDAlk8qfOuVGkqRzgVymGe07xd00DMxs.AQubh4a', '1'),
    ('testuser464@venus.com', '$2a$10$8.UnVuG9HHgffUDAlk8qfOuVGkqRzgVymGe07xd00DMxs.AQubh4a', '1'),
    ('testuser465@venus.com', '$2a$10$8.UnVuG9HHgffUDAlk8qfOuVGkqRzgVymGe07xd00DMxs.AQubh4a', '1'),
    ('testuser466@venus.com', '$2a$10$8.UnVuG9HHgffUDAlk8qfOuVGkqRzgVymGe07xd00DMxs.AQubh4a', '1'),
    ('testuser467@venus.com', '$2a$10$8.UnVuG9HHgffUDAlk8qfOuVGkqRzgVymGe07xd00DMxs.AQubh4a', '1'),
    ('testuser468@venus.com', '$2a$10$8.UnVuG9HHgffUDAlk8qfOuVGkqRzgVymGe07xd00DMxs.AQubh4a', '1'),
    ('testuser469@venus.com', '$2a$10$8.UnVuG9HHgffUDAlk8qfOuVGkqRzgVymGe07xd00DMxs.AQubh4a', '1'),
    ('testuser470@venus.com', '$2a$10$8.UnVuG9HHgffUDAlk8qfOuVGkqRzgVymGe07xd00DMxs.AQubh4a', '1'),
    ('testuser471@venus.com', '$2a$10$8.UnVuG9HHgffUDAlk8qfOuVGkqRzgVymGe07xd00DMxs.AQubh4a', '1'),
    ('testuser472@venus.com', '$2a$10$8.UnVuG9HHgffUDAlk8qfOuVGkqRzgVymGe07xd00DMxs.AQubh4a', '1'),
    ('testuser473@venus.com', '$2a$10$8.UnVuG9HHgffUDAlk8qfOuVGkqRzgVymGe07xd00DMxs.AQubh4a', '1'),
    ('testuser474@venus.com', '$2a$10$8.UnVuG9HHgffUDAlk8qfOuVGkqRzgVymGe07xd00DMxs.AQubh4a', '1'),
    ('testuser475@venus.com', '$2a$10$8.UnVuG9HHgffUDAlk8qfOuVGkqRzgVymGe07xd00DMxs.AQubh4a', '1'),
    ('testuser476@venus.com', '$2a$10$8.UnVuG9HHgffUDAlk8qfOuVGkqRzgVymGe07xd00DMxs.AQubh4a', '1'),
    ('testuser477@venus.com', '$2a$10$8.UnVuG9HHgffUDAlk8qfOuVGkqRzgVymGe07xd00DMxs.AQubh4a', '1'),
    ('testuser478@venus.com', '$2a$10$8.UnVuG9HHgffUDAlk8qfOuVGkqRzgVymGe07xd00DMxs.AQubh4a', '1'),
    ('testuser479@venus.com', '$2a$10$8.UnVuG9HHgffUDAlk8qfOuVGkqRzgVymGe07xd00DMxs.AQubh4a', '1'),
    ('testuser480@venus.com', '$2a$10$8.UnVuG9HHgffUDAlk8qfOuVGkqRzgVymGe07xd00DMxs.AQubh4a', '1'),
    ('testuser481@venus.com', '$2a$10$8.UnVuG9HHgffUDAlk8qfOuVGkqRzgVymGe07xd00DMxs.AQubh4a', '1'),
    ('testuser482@venus.com', '$2a$10$8.UnVuG9HHgffUDAlk8qfOuVGkqRzgVymGe07xd00DMxs.AQubh4a', '1'),
    ('testuser483@venus.com', '$2a$10$8.UnVuG9HHgffUDAlk8qfOuVGkqRzgVymGe07xd00DMxs.AQubh4a', '1'),
    ('testuser484@venus.com', '$2a$10$8.UnVuG9HHgffUDAlk8qfOuVGkqRzgVymGe07xd00DMxs.AQubh4a', '1'),
    ('testuser485@venus.com', '$2a$10$8.UnVuG9HHgffUDAlk8qfOuVGkqRzgVymGe07xd00DMxs.AQubh4a', '1'),
    ('testuser486@venus.com', '$2a$10$8.UnVuG9HHgffUDAlk8qfOuVGkqRzgVymGe07xd00DMxs.AQubh4a', '1'),
    ('testuser487@venus.com', '$2a$10$8.UnVuG9HHgffUDAlk8qfOuVGkqRzgVymGe07xd00DMxs.AQubh4a', '1'),
    ('testuser488@venus.com', '$2a$10$8.UnVuG9HHgffUDAlk8qfOuVGkqRzgVymGe07xd00DMxs.AQubh4a', '1'),
    ('testuser489@venus.com', '$2a$10$8.UnVuG9HHgffUDAlk8qfOuVGkqRzgVymGe07xd00DMxs.AQubh4a', '1'),
    ('testuser490@venus.com', '$2a$10$8.UnVuG9HHgffUDAlk8qfOuVGkqRzgVymGe07xd00DMxs.AQubh4a', '1'),
    ('testuser491@venus.com', '$2a$10$8.UnVuG9HHgffUDAlk8qfOuVGkqRzgVymGe07xd00DMxs.AQubh4a', '1'),
    ('testuser492@venus.com', '$2a$10$8.UnVuG9HHgffUDAlk8qfOuVGkqRzgVymGe07xd00DMxs.AQubh4a', '1'),
    ('testuser493@venus.com', '$2a$10$8.UnVuG9HHgffUDAlk8qfOuVGkqRzgVymGe07xd00DMxs.AQubh4a', '1'),
    ('testuser494@venus.com', '$2a$10$8.UnVuG9HHgffUDAlk8qfOuVGkqRzgVymGe07xd00DMxs.AQubh4a', '1'),
    ('testuser495@venus.com', '$2a$10$8.UnVuG9HHgffUDAlk8qfOuVGkqRzgVymGe07xd00DMxs.AQubh4a', '1'),
    ('testuser496@venus.com', '$2a$10$8.UnVuG9HHgffUDAlk8qfOuVGkqRzgVymGe07xd00DMxs.AQubh4a', '1'),
    ('testuser497@venus.com', '$2a$10$8.UnVuG9HHgffUDAlk8qfOuVGkqRzgVymGe07xd00DMxs.AQubh4a', '1'),
    ('testuser498@venus.com', '$2a$10$8.UnVuG9HHgffUDAlk8qfOuVGkqRzgVymGe07xd00DMxs.AQubh4a', '1'),
    ('testuser499@venus.com', '$2a$10$8.UnVuG9HHgffUDAlk8qfOuVGkqRzgVymGe07xd00DMxs.AQubh4a', '1'),
    ('testuser500@venus.com', '$2a$10$8.UnVuG9HHgffUDAlk8qfOuVGkqRzgVymGe07xd00DMxs.AQubh4a', '1');


INSERT INTO authorities (username, authority) values
    ('testuser1@venus.com', 'ROLE_USER'),
    ('testuser2@venus.com', 'ROLE_USER'),
    ('testuser3@venus.com', 'ROLE_USER'),
    ('testuser4@venus.com', 'ROLE_USER'),
    ('testuser5@venus.com', 'ROLE_USER'),
    ('testuser6@venus.com', 'ROLE_USER'),
    ('testuser7@venus.com', 'ROLE_USER'),
    ('testuser8@venus.com', 'ROLE_USER'),
    ('testuser9@venus.com', 'ROLE_USER'),
    ('testuser10@venus.com', 'ROLE_USER'),
    ('testuser11@venus.com', 'ROLE_USER'),
    ('testuser12@venus.com', 'ROLE_USER'),
    ('testuser13@venus.com', 'ROLE_USER'),
    ('testuser14@venus.com', 'ROLE_USER'),
    ('testuser15@venus.com', 'ROLE_USER'),
    ('testuser16@venus.com', 'ROLE_USER'),
    ('testuser17@venus.com', 'ROLE_USER'),
    ('testuser18@venus.com', 'ROLE_USER'),
    ('testuser19@venus.com', 'ROLE_USER'),
    ('testuser20@venus.com', 'ROLE_USER'),
    ('testuser21@venus.com', 'ROLE_USER'),
    ('testuser22@venus.com', 'ROLE_USER'),
    ('testuser23@venus.com', 'ROLE_USER'),
    ('testuser24@venus.com', 'ROLE_USER'),
    ('testuser25@venus.com', 'ROLE_USER'),
    ('testuser26@venus.com', 'ROLE_USER'),
    ('testuser27@venus.com', 'ROLE_USER'),
    ('testuser28@venus.com', 'ROLE_USER'),
    ('testuser29@venus.com', 'ROLE_USER'),
    ('testuser30@venus.com', 'ROLE_USER'),
    ('testuser31@venus.com', 'ROLE_USER'),
    ('testuser32@venus.com', 'ROLE_USER'),
    ('testuser33@venus.com', 'ROLE_USER'),
    ('testuser34@venus.com', 'ROLE_USER'),
    ('testuser35@venus.com', 'ROLE_USER'),
    ('testuser36@venus.com', 'ROLE_USER'),
    ('testuser37@venus.com', 'ROLE_USER'),
    ('testuser38@venus.com', 'ROLE_USER'),
    ('testuser39@venus.com', 'ROLE_USER'),
    ('testuser40@venus.com', 'ROLE_USER'),
    ('testuser41@venus.com', 'ROLE_USER'),
    ('testuser42@venus.com', 'ROLE_USER'),
    ('testuser43@venus.com', 'ROLE_USER'),
    ('testuser44@venus.com', 'ROLE_USER'),
    ('testuser45@venus.com', 'ROLE_USER'),
    ('testuser46@venus.com', 'ROLE_USER'),
    ('testuser47@venus.com', 'ROLE_USER'),
    ('testuser48@venus.com', 'ROLE_USER'),
    ('testuser49@venus.com', 'ROLE_USER'),
    ('testuser50@venus.com', 'ROLE_USER'),
    ('testuser51@venus.com', 'ROLE_USER'),
    ('testuser52@venus.com', 'ROLE_USER'),
    ('testuser53@venus.com', 'ROLE_USER'),
    ('testuser54@venus.com', 'ROLE_USER'),
    ('testuser55@venus.com', 'ROLE_USER'),
    ('testuser56@venus.com', 'ROLE_USER'),
    ('testuser57@venus.com', 'ROLE_USER'),
    ('testuser58@venus.com', 'ROLE_USER'),
    ('testuser59@venus.com', 'ROLE_USER'),
    ('testuser60@venus.com', 'ROLE_USER'),
    ('testuser61@venus.com', 'ROLE_USER'),
    ('testuser62@venus.com', 'ROLE_USER'),
    ('testuser63@venus.com', 'ROLE_USER'),
    ('testuser64@venus.com', 'ROLE_USER'),
    ('testuser65@venus.com', 'ROLE_USER'),
    ('testuser66@venus.com', 'ROLE_USER'),
    ('testuser67@venus.com', 'ROLE_USER'),
    ('testuser68@venus.com', 'ROLE_USER'),
    ('testuser69@venus.com', 'ROLE_USER'),
    ('testuser70@venus.com', 'ROLE_USER'),
    ('testuser71@venus.com', 'ROLE_USER'),
    ('testuser72@venus.com', 'ROLE_USER'),
    ('testuser73@venus.com', 'ROLE_USER'),
    ('testuser74@venus.com', 'ROLE_USER'),
    ('testuser75@venus.com', 'ROLE_USER'),
    ('testuser76@venus.com', 'ROLE_USER'),
    ('testuser77@venus.com', 'ROLE_USER'),
    ('testuser78@venus.com', 'ROLE_USER'),
    ('testuser79@venus.com', 'ROLE_USER'),
    ('testuser80@venus.com', 'ROLE_USER'),
    ('testuser81@venus.com', 'ROLE_USER'),
    ('testuser82@venus.com', 'ROLE_USER'),
    ('testuser83@venus.com', 'ROLE_USER'),
    ('testuser84@venus.com', 'ROLE_USER'),
    ('testuser85@venus.com', 'ROLE_USER'),
    ('testuser86@venus.com', 'ROLE_USER'),
    ('testuser87@venus.com', 'ROLE_USER'),
    ('testuser88@venus.com', 'ROLE_USER'),
    ('testuser89@venus.com', 'ROLE_USER'),
    ('testuser90@venus.com', 'ROLE_USER'),
    ('testuser91@venus.com', 'ROLE_USER'),
    ('testuser92@venus.com', 'ROLE_USER'),
    ('testuser93@venus.com', 'ROLE_USER'),
    ('testuser94@venus.com', 'ROLE_USER'),
    ('testuser95@venus.com', 'ROLE_USER'),
    ('testuser96@venus.com', 'ROLE_USER'),
    ('testuser97@venus.com', 'ROLE_USER'),
    ('testuser98@venus.com', 'ROLE_USER'),
    ('testuser99@venus.com', 'ROLE_USER'),
    ('testuser100@venus.com', 'ROLE_USER'),
    ('testuser101@venus.com', 'ROLE_USER'),
    ('testuser102@venus.com', 'ROLE_USER'),
    ('testuser103@venus.com', 'ROLE_USER'),
    ('testuser104@venus.com', 'ROLE_USER'),
    ('testuser105@venus.com', 'ROLE_USER'),
    ('testuser106@venus.com', 'ROLE_USER'),
    ('testuser107@venus.com', 'ROLE_USER'),
    ('testuser108@venus.com', 'ROLE_USER'),
    ('testuser109@venus.com', 'ROLE_USER'),
    ('testuser110@venus.com', 'ROLE_USER'),
    ('testuser111@venus.com', 'ROLE_USER'),
    ('testuser112@venus.com', 'ROLE_USER'),
    ('testuser113@venus.com', 'ROLE_USER'),
    ('testuser114@venus.com', 'ROLE_USER'),
    ('testuser115@venus.com', 'ROLE_USER'),
    ('testuser116@venus.com', 'ROLE_USER'),
    ('testuser117@venus.com', 'ROLE_USER'),
    ('testuser118@venus.com', 'ROLE_USER'),
    ('testuser119@venus.com', 'ROLE_USER'),
    ('testuser120@venus.com', 'ROLE_USER'),
    ('testuser121@venus.com', 'ROLE_USER'),
    ('testuser122@venus.com', 'ROLE_USER'),
    ('testuser123@venus.com', 'ROLE_USER'),
    ('testuser124@venus.com', 'ROLE_USER'),
    ('testuser125@venus.com', 'ROLE_USER'),
    ('testuser126@venus.com', 'ROLE_USER'),
    ('testuser127@venus.com', 'ROLE_USER'),
    ('testuser128@venus.com', 'ROLE_USER'),
    ('testuser129@venus.com', 'ROLE_USER'),
    ('testuser130@venus.com', 'ROLE_USER'),
    ('testuser131@venus.com', 'ROLE_USER'),
    ('testuser132@venus.com', 'ROLE_USER'),
    ('testuser133@venus.com', 'ROLE_USER'),
    ('testuser134@venus.com', 'ROLE_USER'),
    ('testuser135@venus.com', 'ROLE_USER'),
    ('testuser136@venus.com', 'ROLE_USER'),
    ('testuser137@venus.com', 'ROLE_USER'),
    ('testuser138@venus.com', 'ROLE_USER'),
    ('testuser139@venus.com', 'ROLE_USER'),
    ('testuser140@venus.com', 'ROLE_USER'),
    ('testuser141@venus.com', 'ROLE_USER'),
    ('testuser142@venus.com', 'ROLE_USER'),
    ('testuser143@venus.com', 'ROLE_USER'),
    ('testuser144@venus.com', 'ROLE_USER'),
    ('testuser145@venus.com', 'ROLE_USER'),
    ('testuser146@venus.com', 'ROLE_USER'),
    ('testuser147@venus.com', 'ROLE_USER'),
    ('testuser148@venus.com', 'ROLE_USER'),
    ('testuser149@venus.com', 'ROLE_USER'),
    ('testuser150@venus.com', 'ROLE_USER'),
    ('testuser151@venus.com', 'ROLE_USER'),
    ('testuser152@venus.com', 'ROLE_USER'),
    ('testuser153@venus.com', 'ROLE_USER'),
    ('testuser154@venus.com', 'ROLE_USER'),
    ('testuser155@venus.com', 'ROLE_USER'),
    ('testuser156@venus.com', 'ROLE_USER'),
    ('testuser157@venus.com', 'ROLE_USER'),
    ('testuser158@venus.com', 'ROLE_USER'),
    ('testuser159@venus.com', 'ROLE_USER'),
    ('testuser160@venus.com', 'ROLE_USER'),
    ('testuser161@venus.com', 'ROLE_USER'),
    ('testuser162@venus.com', 'ROLE_USER'),
    ('testuser163@venus.com', 'ROLE_USER'),
    ('testuser164@venus.com', 'ROLE_USER'),
    ('testuser165@venus.com', 'ROLE_USER'),
    ('testuser166@venus.com', 'ROLE_USER'),
    ('testuser167@venus.com', 'ROLE_USER'),
    ('testuser168@venus.com', 'ROLE_USER'),
    ('testuser169@venus.com', 'ROLE_USER'),
    ('testuser170@venus.com', 'ROLE_USER'),
    ('testuser171@venus.com', 'ROLE_USER'),
    ('testuser172@venus.com', 'ROLE_USER'),
    ('testuser173@venus.com', 'ROLE_USER'),
    ('testuser174@venus.com', 'ROLE_USER'),
    ('testuser175@venus.com', 'ROLE_USER'),
    ('testuser176@venus.com', 'ROLE_USER'),
    ('testuser177@venus.com', 'ROLE_USER'),
    ('testuser178@venus.com', 'ROLE_USER'),
    ('testuser179@venus.com', 'ROLE_USER'),
    ('testuser180@venus.com', 'ROLE_USER'),
    ('testuser181@venus.com', 'ROLE_USER'),
    ('testuser182@venus.com', 'ROLE_USER'),
    ('testuser183@venus.com', 'ROLE_USER'),
    ('testuser184@venus.com', 'ROLE_USER'),
    ('testuser185@venus.com', 'ROLE_USER'),
    ('testuser186@venus.com', 'ROLE_USER'),
    ('testuser187@venus.com', 'ROLE_USER'),
    ('testuser188@venus.com', 'ROLE_USER'),
    ('testuser189@venus.com', 'ROLE_USER'),
    ('testuser190@venus.com', 'ROLE_USER'),
    ('testuser191@venus.com', 'ROLE_USER'),
    ('testuser192@venus.com', 'ROLE_USER'),
    ('testuser193@venus.com', 'ROLE_USER'),
    ('testuser194@venus.com', 'ROLE_USER'),
    ('testuser195@venus.com', 'ROLE_USER'),
    ('testuser196@venus.com', 'ROLE_USER'),
    ('testuser197@venus.com', 'ROLE_USER'),
    ('testuser198@venus.com', 'ROLE_USER'),
    ('testuser199@venus.com', 'ROLE_USER'),
    ('testuser200@venus.com', 'ROLE_USER'),
    ('testuser201@venus.com', 'ROLE_USER'),
    ('testuser202@venus.com', 'ROLE_USER'),
    ('testuser203@venus.com', 'ROLE_USER'),
    ('testuser204@venus.com', 'ROLE_USER'),
    ('testuser205@venus.com', 'ROLE_USER'),
    ('testuser206@venus.com', 'ROLE_USER'),
    ('testuser207@venus.com', 'ROLE_USER'),
    ('testuser208@venus.com', 'ROLE_USER'),
    ('testuser209@venus.com', 'ROLE_USER'),
    ('testuser210@venus.com', 'ROLE_USER'),
    ('testuser211@venus.com', 'ROLE_USER'),
    ('testuser212@venus.com', 'ROLE_USER'),
    ('testuser213@venus.com', 'ROLE_USER'),
    ('testuser214@venus.com', 'ROLE_USER'),
    ('testuser215@venus.com', 'ROLE_USER'),
    ('testuser216@venus.com', 'ROLE_USER'),
    ('testuser217@venus.com', 'ROLE_USER'),
    ('testuser218@venus.com', 'ROLE_USER'),
    ('testuser219@venus.com', 'ROLE_USER'),
    ('testuser220@venus.com', 'ROLE_USER'),
    ('testuser221@venus.com', 'ROLE_USER'),
    ('testuser222@venus.com', 'ROLE_USER'),
    ('testuser223@venus.com', 'ROLE_USER'),
    ('testuser224@venus.com', 'ROLE_USER'),
    ('testuser225@venus.com', 'ROLE_USER'),
    ('testuser226@venus.com', 'ROLE_USER'),
    ('testuser227@venus.com', 'ROLE_USER'),
    ('testuser228@venus.com', 'ROLE_USER'),
    ('testuser229@venus.com', 'ROLE_USER'),
    ('testuser230@venus.com', 'ROLE_USER'),
    ('testuser231@venus.com', 'ROLE_USER'),
    ('testuser232@venus.com', 'ROLE_USER'),
    ('testuser233@venus.com', 'ROLE_USER'),
    ('testuser234@venus.com', 'ROLE_USER'),
    ('testuser235@venus.com', 'ROLE_USER'),
    ('testuser236@venus.com', 'ROLE_USER'),
    ('testuser237@venus.com', 'ROLE_USER'),
    ('testuser238@venus.com', 'ROLE_USER'),
    ('testuser239@venus.com', 'ROLE_USER'),
    ('testuser240@venus.com', 'ROLE_USER'),
    ('testuser241@venus.com', 'ROLE_USER'),
    ('testuser242@venus.com', 'ROLE_USER'),
    ('testuser243@venus.com', 'ROLE_USER'),
    ('testuser244@venus.com', 'ROLE_USER'),
    ('testuser245@venus.com', 'ROLE_USER'),
    ('testuser246@venus.com', 'ROLE_USER'),
    ('testuser247@venus.com', 'ROLE_USER'),
    ('testuser248@venus.com', 'ROLE_USER'),
    ('testuser249@venus.com', 'ROLE_USER'),
    ('testuser250@venus.com', 'ROLE_USER'),
    ('testuser251@venus.com', 'ROLE_USER'),
    ('testuser252@venus.com', 'ROLE_USER'),
    ('testuser253@venus.com', 'ROLE_USER'),
    ('testuser254@venus.com', 'ROLE_USER'),
    ('testuser255@venus.com', 'ROLE_USER'),
    ('testuser256@venus.com', 'ROLE_USER'),
    ('testuser257@venus.com', 'ROLE_USER'),
    ('testuser258@venus.com', 'ROLE_USER'),
    ('testuser259@venus.com', 'ROLE_USER'),
    ('testuser260@venus.com', 'ROLE_USER'),
    ('testuser261@venus.com', 'ROLE_USER'),
    ('testuser262@venus.com', 'ROLE_USER'),
    ('testuser263@venus.com', 'ROLE_USER'),
    ('testuser264@venus.com', 'ROLE_USER'),
    ('testuser265@venus.com', 'ROLE_USER'),
    ('testuser266@venus.com', 'ROLE_USER'),
    ('testuser267@venus.com', 'ROLE_USER'),
    ('testuser268@venus.com', 'ROLE_USER'),
    ('testuser269@venus.com', 'ROLE_USER'),
    ('testuser270@venus.com', 'ROLE_USER'),
    ('testuser271@venus.com', 'ROLE_USER'),
    ('testuser272@venus.com', 'ROLE_USER'),
    ('testuser273@venus.com', 'ROLE_USER'),
    ('testuser274@venus.com', 'ROLE_USER'),
    ('testuser275@venus.com', 'ROLE_USER'),
    ('testuser276@venus.com', 'ROLE_USER'),
    ('testuser277@venus.com', 'ROLE_USER'),
    ('testuser278@venus.com', 'ROLE_USER'),
    ('testuser279@venus.com', 'ROLE_USER'),
    ('testuser280@venus.com', 'ROLE_USER'),
    ('testuser281@venus.com', 'ROLE_USER'),
    ('testuser282@venus.com', 'ROLE_USER'),
    ('testuser283@venus.com', 'ROLE_USER'),
    ('testuser284@venus.com', 'ROLE_USER'),
    ('testuser285@venus.com', 'ROLE_USER'),
    ('testuser286@venus.com', 'ROLE_USER'),
    ('testuser287@venus.com', 'ROLE_USER'),
    ('testuser288@venus.com', 'ROLE_USER'),
    ('testuser289@venus.com', 'ROLE_USER'),
    ('testuser290@venus.com', 'ROLE_USER'),
    ('testuser291@venus.com', 'ROLE_USER'),
    ('testuser292@venus.com', 'ROLE_USER'),
    ('testuser293@venus.com', 'ROLE_USER'),
    ('testuser294@venus.com', 'ROLE_USER'),
    ('testuser295@venus.com', 'ROLE_USER'),
    ('testuser296@venus.com', 'ROLE_USER'),
    ('testuser297@venus.com', 'ROLE_USER'),
    ('testuser298@venus.com', 'ROLE_USER'),
    ('testuser299@venus.com', 'ROLE_USER'),
    ('testuser300@venus.com', 'ROLE_USER'),
    ('testuser301@venus.com', 'ROLE_USER'),
    ('testuser302@venus.com', 'ROLE_USER'),
    ('testuser303@venus.com', 'ROLE_USER'),
    ('testuser304@venus.com', 'ROLE_USER'),
    ('testuser305@venus.com', 'ROLE_USER'),
    ('testuser306@venus.com', 'ROLE_USER'),
    ('testuser307@venus.com', 'ROLE_USER'),
    ('testuser308@venus.com', 'ROLE_USER'),
    ('testuser309@venus.com', 'ROLE_USER'),
    ('testuser310@venus.com', 'ROLE_USER'),
    ('testuser311@venus.com', 'ROLE_USER'),
    ('testuser312@venus.com', 'ROLE_USER'),
    ('testuser313@venus.com', 'ROLE_USER'),
    ('testuser314@venus.com', 'ROLE_USER'),
    ('testuser315@venus.com', 'ROLE_USER'),
    ('testuser316@venus.com', 'ROLE_USER'),
    ('testuser317@venus.com', 'ROLE_USER'),
    ('testuser318@venus.com', 'ROLE_USER'),
    ('testuser319@venus.com', 'ROLE_USER'),
    ('testuser320@venus.com', 'ROLE_USER'),
    ('testuser321@venus.com', 'ROLE_USER'),
    ('testuser322@venus.com', 'ROLE_USER'),
    ('testuser323@venus.com', 'ROLE_USER'),
    ('testuser324@venus.com', 'ROLE_USER'),
    ('testuser325@venus.com', 'ROLE_USER'),
    ('testuser326@venus.com', 'ROLE_USER'),
    ('testuser327@venus.com', 'ROLE_USER'),
    ('testuser328@venus.com', 'ROLE_USER'),
    ('testuser329@venus.com', 'ROLE_USER'),
    ('testuser330@venus.com', 'ROLE_USER'),
    ('testuser331@venus.com', 'ROLE_USER'),
    ('testuser332@venus.com', 'ROLE_USER'),
    ('testuser333@venus.com', 'ROLE_USER'),
    ('testuser334@venus.com', 'ROLE_USER'),
    ('testuser335@venus.com', 'ROLE_USER'),
    ('testuser336@venus.com', 'ROLE_USER'),
    ('testuser337@venus.com', 'ROLE_USER'),
    ('testuser338@venus.com', 'ROLE_USER'),
    ('testuser339@venus.com', 'ROLE_USER'),
    ('testuser340@venus.com', 'ROLE_USER'),
    ('testuser341@venus.com', 'ROLE_USER'),
    ('testuser342@venus.com', 'ROLE_USER'),
    ('testuser343@venus.com', 'ROLE_USER'),
    ('testuser344@venus.com', 'ROLE_USER'),
    ('testuser345@venus.com', 'ROLE_USER'),
    ('testuser346@venus.com', 'ROLE_USER'),
    ('testuser347@venus.com', 'ROLE_USER'),
    ('testuser348@venus.com', 'ROLE_USER'),
    ('testuser349@venus.com', 'ROLE_USER'),
    ('testuser350@venus.com', 'ROLE_USER'),
    ('testuser351@venus.com', 'ROLE_USER'),
    ('testuser352@venus.com', 'ROLE_USER'),
    ('testuser353@venus.com', 'ROLE_USER'),
    ('testuser354@venus.com', 'ROLE_USER'),
    ('testuser355@venus.com', 'ROLE_USER'),
    ('testuser356@venus.com', 'ROLE_USER'),
    ('testuser357@venus.com', 'ROLE_USER'),
    ('testuser358@venus.com', 'ROLE_USER'),
    ('testuser359@venus.com', 'ROLE_USER'),
    ('testuser360@venus.com', 'ROLE_USER'),
    ('testuser361@venus.com', 'ROLE_USER'),
    ('testuser362@venus.com', 'ROLE_USER'),
    ('testuser363@venus.com', 'ROLE_USER'),
    ('testuser364@venus.com', 'ROLE_USER'),
    ('testuser365@venus.com', 'ROLE_USER'),
    ('testuser366@venus.com', 'ROLE_USER'),
    ('testuser367@venus.com', 'ROLE_USER'),
    ('testuser368@venus.com', 'ROLE_USER'),
    ('testuser369@venus.com', 'ROLE_USER'),
    ('testuser370@venus.com', 'ROLE_USER'),
    ('testuser371@venus.com', 'ROLE_USER'),
    ('testuser372@venus.com', 'ROLE_USER'),
    ('testuser373@venus.com', 'ROLE_USER'),
    ('testuser374@venus.com', 'ROLE_USER'),
    ('testuser375@venus.com', 'ROLE_USER'),
    ('testuser376@venus.com', 'ROLE_USER'),
    ('testuser377@venus.com', 'ROLE_USER'),
    ('testuser378@venus.com', 'ROLE_USER'),
    ('testuser379@venus.com', 'ROLE_USER'),
    ('testuser380@venus.com', 'ROLE_USER'),
    ('testuser381@venus.com', 'ROLE_USER'),
    ('testuser382@venus.com', 'ROLE_USER'),
    ('testuser383@venus.com', 'ROLE_USER'),
    ('testuser384@venus.com', 'ROLE_USER'),
    ('testuser385@venus.com', 'ROLE_USER'),
    ('testuser386@venus.com', 'ROLE_USER'),
    ('testuser387@venus.com', 'ROLE_USER'),
    ('testuser388@venus.com', 'ROLE_USER'),
    ('testuser389@venus.com', 'ROLE_USER'),
    ('testuser390@venus.com', 'ROLE_USER'),
    ('testuser391@venus.com', 'ROLE_USER'),
    ('testuser392@venus.com', 'ROLE_USER'),
    ('testuser393@venus.com', 'ROLE_USER'),
    ('testuser394@venus.com', 'ROLE_USER'),
    ('testuser395@venus.com', 'ROLE_USER'),
    ('testuser396@venus.com', 'ROLE_USER'),
    ('testuser397@venus.com', 'ROLE_USER'),
    ('testuser398@venus.com', 'ROLE_USER'),
    ('testuser399@venus.com', 'ROLE_USER'),
    ('testuser400@venus.com', 'ROLE_USER'),
    ('testuser401@venus.com', 'ROLE_USER'),
    ('testuser402@venus.com', 'ROLE_USER'),
    ('testuser403@venus.com', 'ROLE_USER'),
    ('testuser404@venus.com', 'ROLE_USER'),
    ('testuser405@venus.com', 'ROLE_USER'),
    ('testuser406@venus.com', 'ROLE_USER'),
    ('testuser407@venus.com', 'ROLE_USER'),
    ('testuser408@venus.com', 'ROLE_USER'),
    ('testuser409@venus.com', 'ROLE_USER'),
    ('testuser410@venus.com', 'ROLE_USER'),
    ('testuser411@venus.com', 'ROLE_USER'),
    ('testuser412@venus.com', 'ROLE_USER'),
    ('testuser413@venus.com', 'ROLE_USER'),
    ('testuser414@venus.com', 'ROLE_USER'),
    ('testuser415@venus.com', 'ROLE_USER'),
    ('testuser416@venus.com', 'ROLE_USER'),
    ('testuser417@venus.com', 'ROLE_USER'),
    ('testuser418@venus.com', 'ROLE_USER'),
    ('testuser419@venus.com', 'ROLE_USER'),
    ('testuser420@venus.com', 'ROLE_USER'),
    ('testuser421@venus.com', 'ROLE_USER'),
    ('testuser422@venus.com', 'ROLE_USER'),
    ('testuser423@venus.com', 'ROLE_USER'),
    ('testuser424@venus.com', 'ROLE_USER'),
    ('testuser425@venus.com', 'ROLE_USER'),
    ('testuser426@venus.com', 'ROLE_USER'),
    ('testuser427@venus.com', 'ROLE_USER'),
    ('testuser428@venus.com', 'ROLE_USER'),
    ('testuser429@venus.com', 'ROLE_USER'),
    ('testuser430@venus.com', 'ROLE_USER'),
    ('testuser431@venus.com', 'ROLE_USER'),
    ('testuser432@venus.com', 'ROLE_USER'),
    ('testuser433@venus.com', 'ROLE_USER'),
    ('testuser434@venus.com', 'ROLE_USER'),
    ('testuser435@venus.com', 'ROLE_USER'),
    ('testuser436@venus.com', 'ROLE_USER'),
    ('testuser437@venus.com', 'ROLE_USER'),
    ('testuser438@venus.com', 'ROLE_USER'),
    ('testuser439@venus.com', 'ROLE_USER'),
    ('testuser440@venus.com', 'ROLE_USER'),
    ('testuser441@venus.com', 'ROLE_USER'),
    ('testuser442@venus.com', 'ROLE_USER'),
    ('testuser443@venus.com', 'ROLE_USER'),
    ('testuser444@venus.com', 'ROLE_USER'),
    ('testuser445@venus.com', 'ROLE_USER'),
    ('testuser446@venus.com', 'ROLE_USER'),
    ('testuser447@venus.com', 'ROLE_USER'),
    ('testuser448@venus.com', 'ROLE_USER'),
    ('testuser449@venus.com', 'ROLE_USER'),
    ('testuser450@venus.com', 'ROLE_USER'),
    ('testuser451@venus.com', 'ROLE_USER'),
    ('testuser452@venus.com', 'ROLE_USER'),
    ('testuser453@venus.com', 'ROLE_USER'),
    ('testuser454@venus.com', 'ROLE_USER'),
    ('testuser455@venus.com', 'ROLE_USER'),
    ('testuser456@venus.com', 'ROLE_USER'),
    ('testuser457@venus.com', 'ROLE_USER'),
    ('testuser458@venus.com', 'ROLE_USER'),
    ('testuser459@venus.com', 'ROLE_USER'),
    ('testuser460@venus.com', 'ROLE_USER'),
    ('testuser461@venus.com', 'ROLE_USER'),
    ('testuser462@venus.com', 'ROLE_USER'),
    ('testuser463@venus.com', 'ROLE_USER'),
    ('testuser464@venus.com', 'ROLE_USER'),
    ('testuser465@venus.com', 'ROLE_USER'),
    ('testuser466@venus.com', 'ROLE_USER'),
    ('testuser467@venus.com', 'ROLE_USER'),
    ('testuser468@venus.com', 'ROLE_USER'),
    ('testuser469@venus.com', 'ROLE_USER'),
    ('testuser470@venus.com', 'ROLE_USER'),
    ('testuser471@venus.com', 'ROLE_USER'),
    ('testuser472@venus.com', 'ROLE_USER'),
    ('testuser473@venus.com', 'ROLE_USER'),
    ('testuser474@venus.com', 'ROLE_USER'),
    ('testuser475@venus.com', 'ROLE_USER'),
    ('testuser476@venus.com', 'ROLE_USER'),
    ('testuser477@venus.com', 'ROLE_USER'),
    ('testuser478@venus.com', 'ROLE_USER'),
    ('testuser479@venus.com', 'ROLE_USER'),
    ('testuser480@venus.com', 'ROLE_USER'),
    ('testuser481@venus.com', 'ROLE_USER'),
    ('testuser482@venus.com', 'ROLE_USER'),
    ('testuser483@venus.com', 'ROLE_USER'),
    ('testuser484@venus.com', 'ROLE_USER'),
    ('testuser485@venus.com', 'ROLE_USER'),
    ('testuser486@venus.com', 'ROLE_USER'),
    ('testuser487@venus.com', 'ROLE_USER'),
    ('testuser488@venus.com', 'ROLE_USER'),
    ('testuser489@venus.com', 'ROLE_USER'),
    ('testuser490@venus.com', 'ROLE_USER'),
    ('testuser491@venus.com', 'ROLE_USER'),
    ('testuser492@venus.com', 'ROLE_USER'),
    ('testuser493@venus.com', 'ROLE_USER'),
    ('testuser494@venus.com', 'ROLE_USER'),
    ('testuser495@venus.com', 'ROLE_USER'),
    ('testuser496@venus.com', 'ROLE_USER'),
    ('testuser497@venus.com', 'ROLE_USER'),
    ('testuser498@venus.com', 'ROLE_USER'),
    ('testuser499@venus.com', 'ROLE_USER'),
    ('testuser500@venus.com', 'ROLE_USER');

INSERT INTO userinfo (username, firstname, lastname) values
    ('testuser1@venus.com', 'testfirstname1', 'testlastname1'),
    ('testuser2@venus.com', 'testfirstname2', 'testlastname2'),
    ('testuser3@venus.com', 'testfirstname3', 'testlastname3'),
    ('testuser4@venus.com', 'testfirstname4', 'testlastname4'),
    ('testuser5@venus.com', 'testfirstname5', 'testlastname5'),
    ('testuser6@venus.com', 'testfirstname6', 'testlastname6'),
    ('testuser7@venus.com', 'testfirstname7', 'testlastname7'),
    ('testuser8@venus.com', 'testfirstname8', 'testlastname8'),
    ('testuser9@venus.com', 'testfirstname9', 'testlastname9'),
    ('testuser10@venus.com', 'testfirstname10', 'testlastname10'),
    ('testuser11@venus.com', 'testfirstname11', 'testlastname11'),
    ('testuser12@venus.com', 'testfirstname12', 'testlastname12'),
    ('testuser13@venus.com', 'testfirstname13', 'testlastname13'),
    ('testuser14@venus.com', 'testfirstname14', 'testlastname14'),
    ('testuser15@venus.com', 'testfirstname15', 'testlastname15'),
    ('testuser16@venus.com', 'testfirstname16', 'testlastname16'),
    ('testuser17@venus.com', 'testfirstname17', 'testlastname17'),
    ('testuser18@venus.com', 'testfirstname18', 'testlastname18'),
    ('testuser19@venus.com', 'testfirstname19', 'testlastname19'),
    ('testuser20@venus.com', 'testfirstname20', 'testlastname20'),
    ('testuser21@venus.com', 'testfirstname21', 'testlastname21'),
    ('testuser22@venus.com', 'testfirstname22', 'testlastname22'),
    ('testuser23@venus.com', 'testfirstname23', 'testlastname23'),
    ('testuser24@venus.com', 'testfirstname24', 'testlastname24'),
    ('testuser25@venus.com', 'testfirstname25', 'testlastname25'),
    ('testuser26@venus.com', 'testfirstname26', 'testlastname26'),
    ('testuser27@venus.com', 'testfirstname27', 'testlastname27'),
    ('testuser28@venus.com', 'testfirstname28', 'testlastname28'),
    ('testuser29@venus.com', 'testfirstname29', 'testlastname29'),
    ('testuser30@venus.com', 'testfirstname30', 'testlastname30'),
    ('testuser31@venus.com', 'testfirstname31', 'testlastname31'),
    ('testuser32@venus.com', 'testfirstname32', 'testlastname32'),
    ('testuser33@venus.com', 'testfirstname33', 'testlastname33'),
    ('testuser34@venus.com', 'testfirstname34', 'testlastname34'),
    ('testuser35@venus.com', 'testfirstname35', 'testlastname35'),
    ('testuser36@venus.com', 'testfirstname36', 'testlastname36'),
    ('testuser37@venus.com', 'testfirstname37', 'testlastname37'),
    ('testuser38@venus.com', 'testfirstname38', 'testlastname38'),
    ('testuser39@venus.com', 'testfirstname39', 'testlastname39'),
    ('testuser40@venus.com', 'testfirstname40', 'testlastname40'),
    ('testuser41@venus.com', 'testfirstname41', 'testlastname41'),
    ('testuser42@venus.com', 'testfirstname42', 'testlastname42'),
    ('testuser43@venus.com', 'testfirstname43', 'testlastname43'),
    ('testuser44@venus.com', 'testfirstname44', 'testlastname44'),
    ('testuser45@venus.com', 'testfirstname45', 'testlastname45'),
    ('testuser46@venus.com', 'testfirstname46', 'testlastname46'),
    ('testuser47@venus.com', 'testfirstname47', 'testlastname47'),
    ('testuser48@venus.com', 'testfirstname48', 'testlastname48'),
    ('testuser49@venus.com', 'testfirstname49', 'testlastname49'),
    ('testuser50@venus.com', 'testfirstname50', 'testlastname50'),
    ('testuser51@venus.com', 'testfirstname51', 'testlastname51'),
    ('testuser52@venus.com', 'testfirstname52', 'testlastname52'),
    ('testuser53@venus.com', 'testfirstname53', 'testlastname53'),
    ('testuser54@venus.com', 'testfirstname54', 'testlastname54'),
    ('testuser55@venus.com', 'testfirstname55', 'testlastname55'),
    ('testuser56@venus.com', 'testfirstname56', 'testlastname56'),
    ('testuser57@venus.com', 'testfirstname57', 'testlastname57'),
    ('testuser58@venus.com', 'testfirstname58', 'testlastname58'),
    ('testuser59@venus.com', 'testfirstname59', 'testlastname59'),
    ('testuser60@venus.com', 'testfirstname60', 'testlastname60'),
    ('testuser61@venus.com', 'testfirstname61', 'testlastname61'),
    ('testuser62@venus.com', 'testfirstname62', 'testlastname62'),
    ('testuser63@venus.com', 'testfirstname63', 'testlastname63'),
    ('testuser64@venus.com', 'testfirstname64', 'testlastname64'),
    ('testuser65@venus.com', 'testfirstname65', 'testlastname65'),
    ('testuser66@venus.com', 'testfirstname66', 'testlastname66'),
    ('testuser67@venus.com', 'testfirstname67', 'testlastname67'),
    ('testuser68@venus.com', 'testfirstname68', 'testlastname68'),
    ('testuser69@venus.com', 'testfirstname69', 'testlastname69'),
    ('testuser70@venus.com', 'testfirstname70', 'testlastname70'),
    ('testuser71@venus.com', 'testfirstname71', 'testlastname71'),
    ('testuser72@venus.com', 'testfirstname72', 'testlastname72'),
    ('testuser73@venus.com', 'testfirstname73', 'testlastname73'),
    ('testuser74@venus.com', 'testfirstname74', 'testlastname74'),
    ('testuser75@venus.com', 'testfirstname75', 'testlastname75'),
    ('testuser76@venus.com', 'testfirstname76', 'testlastname76'),
    ('testuser77@venus.com', 'testfirstname77', 'testlastname77'),
    ('testuser78@venus.com', 'testfirstname78', 'testlastname78'),
    ('testuser79@venus.com', 'testfirstname79', 'testlastname79'),
    ('testuser80@venus.com', 'testfirstname80', 'testlastname80'),
    ('testuser81@venus.com', 'testfirstname81', 'testlastname81'),
    ('testuser82@venus.com', 'testfirstname82', 'testlastname82'),
    ('testuser83@venus.com', 'testfirstname83', 'testlastname83'),
    ('testuser84@venus.com', 'testfirstname84', 'testlastname84'),
    ('testuser85@venus.com', 'testfirstname85', 'testlastname85'),
    ('testuser86@venus.com', 'testfirstname86', 'testlastname86'),
    ('testuser87@venus.com', 'testfirstname87', 'testlastname87'),
    ('testuser88@venus.com', 'testfirstname88', 'testlastname88'),
    ('testuser89@venus.com', 'testfirstname89', 'testlastname89'),
    ('testuser90@venus.com', 'testfirstname90', 'testlastname90'),
    ('testuser91@venus.com', 'testfirstname91', 'testlastname91'),
    ('testuser92@venus.com', 'testfirstname92', 'testlastname92'),
    ('testuser93@venus.com', 'testfirstname93', 'testlastname93'),
    ('testuser94@venus.com', 'testfirstname94', 'testlastname94'),
    ('testuser95@venus.com', 'testfirstname95', 'testlastname95'),
    ('testuser96@venus.com', 'testfirstname96', 'testlastname96'),
    ('testuser97@venus.com', 'testfirstname97', 'testlastname97'),
    ('testuser98@venus.com', 'testfirstname98', 'testlastname98'),
    ('testuser99@venus.com', 'testfirstname99', 'testlastname99'),
    ('testuser100@venus.com', 'testfirstname100', 'testlastname100'),
    ('testuser101@venus.com', 'testfirstname101', 'testlastname101'),
    ('testuser102@venus.com', 'testfirstname102', 'testlastname102'),
    ('testuser103@venus.com', 'testfirstname103', 'testlastname103'),
    ('testuser104@venus.com', 'testfirstname104', 'testlastname104'),
    ('testuser105@venus.com', 'testfirstname105', 'testlastname105'),
    ('testuser106@venus.com', 'testfirstname106', 'testlastname106'),
    ('testuser107@venus.com', 'testfirstname107', 'testlastname107'),
    ('testuser108@venus.com', 'testfirstname108', 'testlastname108'),
    ('testuser109@venus.com', 'testfirstname109', 'testlastname109'),
    ('testuser110@venus.com', 'testfirstname110', 'testlastname110'),
    ('testuser111@venus.com', 'testfirstname111', 'testlastname111'),
    ('testuser112@venus.com', 'testfirstname112', 'testlastname112'),
    ('testuser113@venus.com', 'testfirstname113', 'testlastname113'),
    ('testuser114@venus.com', 'testfirstname114', 'testlastname114'),
    ('testuser115@venus.com', 'testfirstname115', 'testlastname115'),
    ('testuser116@venus.com', 'testfirstname116', 'testlastname116'),
    ('testuser117@venus.com', 'testfirstname117', 'testlastname117'),
    ('testuser118@venus.com', 'testfirstname118', 'testlastname118'),
    ('testuser119@venus.com', 'testfirstname119', 'testlastname119'),
    ('testuser120@venus.com', 'testfirstname120', 'testlastname120'),
    ('testuser121@venus.com', 'testfirstname121', 'testlastname121'),
    ('testuser122@venus.com', 'testfirstname122', 'testlastname122'),
    ('testuser123@venus.com', 'testfirstname123', 'testlastname123'),
    ('testuser124@venus.com', 'testfirstname124', 'testlastname124'),
    ('testuser125@venus.com', 'testfirstname125', 'testlastname125'),
    ('testuser126@venus.com', 'testfirstname126', 'testlastname126'),
    ('testuser127@venus.com', 'testfirstname127', 'testlastname127'),
    ('testuser128@venus.com', 'testfirstname128', 'testlastname128'),
    ('testuser129@venus.com', 'testfirstname129', 'testlastname129'),
    ('testuser130@venus.com', 'testfirstname130', 'testlastname130'),
    ('testuser131@venus.com', 'testfirstname131', 'testlastname131'),
    ('testuser132@venus.com', 'testfirstname132', 'testlastname132'),
    ('testuser133@venus.com', 'testfirstname133', 'testlastname133'),
    ('testuser134@venus.com', 'testfirstname134', 'testlastname134'),
    ('testuser135@venus.com', 'testfirstname135', 'testlastname135'),
    ('testuser136@venus.com', 'testfirstname136', 'testlastname136'),
    ('testuser137@venus.com', 'testfirstname137', 'testlastname137'),
    ('testuser138@venus.com', 'testfirstname138', 'testlastname138'),
    ('testuser139@venus.com', 'testfirstname139', 'testlastname139'),
    ('testuser140@venus.com', 'testfirstname140', 'testlastname140'),
    ('testuser141@venus.com', 'testfirstname141', 'testlastname141'),
    ('testuser142@venus.com', 'testfirstname142', 'testlastname142'),
    ('testuser143@venus.com', 'testfirstname143', 'testlastname143'),
    ('testuser144@venus.com', 'testfirstname144', 'testlastname144'),
    ('testuser145@venus.com', 'testfirstname145', 'testlastname145'),
    ('testuser146@venus.com', 'testfirstname146', 'testlastname146'),
    ('testuser147@venus.com', 'testfirstname147', 'testlastname147'),
    ('testuser148@venus.com', 'testfirstname148', 'testlastname148'),
    ('testuser149@venus.com', 'testfirstname149', 'testlastname149'),
    ('testuser150@venus.com', 'testfirstname150', 'testlastname150'),
    ('testuser151@venus.com', 'testfirstname151', 'testlastname151'),
    ('testuser152@venus.com', 'testfirstname152', 'testlastname152'),
    ('testuser153@venus.com', 'testfirstname153', 'testlastname153'),
    ('testuser154@venus.com', 'testfirstname154', 'testlastname154'),
    ('testuser155@venus.com', 'testfirstname155', 'testlastname155'),
    ('testuser156@venus.com', 'testfirstname156', 'testlastname156'),
    ('testuser157@venus.com', 'testfirstname157', 'testlastname157'),
    ('testuser158@venus.com', 'testfirstname158', 'testlastname158'),
    ('testuser159@venus.com', 'testfirstname159', 'testlastname159'),
    ('testuser160@venus.com', 'testfirstname160', 'testlastname160'),
    ('testuser161@venus.com', 'testfirstname161', 'testlastname161'),
    ('testuser162@venus.com', 'testfirstname162', 'testlastname162'),
    ('testuser163@venus.com', 'testfirstname163', 'testlastname163'),
    ('testuser164@venus.com', 'testfirstname164', 'testlastname164'),
    ('testuser165@venus.com', 'testfirstname165', 'testlastname165'),
    ('testuser166@venus.com', 'testfirstname166', 'testlastname166'),
    ('testuser167@venus.com', 'testfirstname167', 'testlastname167'),
    ('testuser168@venus.com', 'testfirstname168', 'testlastname168'),
    ('testuser169@venus.com', 'testfirstname169', 'testlastname169'),
    ('testuser170@venus.com', 'testfirstname170', 'testlastname170'),
    ('testuser171@venus.com', 'testfirstname171', 'testlastname171'),
    ('testuser172@venus.com', 'testfirstname172', 'testlastname172'),
    ('testuser173@venus.com', 'testfirstname173', 'testlastname173'),
    ('testuser174@venus.com', 'testfirstname174', 'testlastname174'),
    ('testuser175@venus.com', 'testfirstname175', 'testlastname175'),
    ('testuser176@venus.com', 'testfirstname176', 'testlastname176'),
    ('testuser177@venus.com', 'testfirstname177', 'testlastname177'),
    ('testuser178@venus.com', 'testfirstname178', 'testlastname178'),
    ('testuser179@venus.com', 'testfirstname179', 'testlastname179'),
    ('testuser180@venus.com', 'testfirstname180', 'testlastname180'),
    ('testuser181@venus.com', 'testfirstname181', 'testlastname181'),
    ('testuser182@venus.com', 'testfirstname182', 'testlastname182'),
    ('testuser183@venus.com', 'testfirstname183', 'testlastname183'),
    ('testuser184@venus.com', 'testfirstname184', 'testlastname184'),
    ('testuser185@venus.com', 'testfirstname185', 'testlastname185'),
    ('testuser186@venus.com', 'testfirstname186', 'testlastname186'),
    ('testuser187@venus.com', 'testfirstname187', 'testlastname187'),
    ('testuser188@venus.com', 'testfirstname188', 'testlastname188'),
    ('testuser189@venus.com', 'testfirstname189', 'testlastname189'),
    ('testuser190@venus.com', 'testfirstname190', 'testlastname190'),
    ('testuser191@venus.com', 'testfirstname191', 'testlastname191'),
    ('testuser192@venus.com', 'testfirstname192', 'testlastname192'),
    ('testuser193@venus.com', 'testfirstname193', 'testlastname193'),
    ('testuser194@venus.com', 'testfirstname194', 'testlastname194'),
    ('testuser195@venus.com', 'testfirstname195', 'testlastname195'),
    ('testuser196@venus.com', 'testfirstname196', 'testlastname196'),
    ('testuser197@venus.com', 'testfirstname197', 'testlastname197'),
    ('testuser198@venus.com', 'testfirstname198', 'testlastname198'),
    ('testuser199@venus.com', 'testfirstname199', 'testlastname199'),
    ('testuser200@venus.com', 'testfirstname200', 'testlastname200'),
    ('testuser201@venus.com', 'testfirstname201', 'testlastname201'),
    ('testuser202@venus.com', 'testfirstname202', 'testlastname202'),
    ('testuser203@venus.com', 'testfirstname203', 'testlastname203'),
    ('testuser204@venus.com', 'testfirstname204', 'testlastname204'),
    ('testuser205@venus.com', 'testfirstname205', 'testlastname205'),
    ('testuser206@venus.com', 'testfirstname206', 'testlastname206'),
    ('testuser207@venus.com', 'testfirstname207', 'testlastname207'),
    ('testuser208@venus.com', 'testfirstname208', 'testlastname208'),
    ('testuser209@venus.com', 'testfirstname209', 'testlastname209'),
    ('testuser210@venus.com', 'testfirstname210', 'testlastname210'),
    ('testuser211@venus.com', 'testfirstname211', 'testlastname211'),
    ('testuser212@venus.com', 'testfirstname212', 'testlastname212'),
    ('testuser213@venus.com', 'testfirstname213', 'testlastname213'),
    ('testuser214@venus.com', 'testfirstname214', 'testlastname214'),
    ('testuser215@venus.com', 'testfirstname215', 'testlastname215'),
    ('testuser216@venus.com', 'testfirstname216', 'testlastname216'),
    ('testuser217@venus.com', 'testfirstname217', 'testlastname217'),
    ('testuser218@venus.com', 'testfirstname218', 'testlastname218'),
    ('testuser219@venus.com', 'testfirstname219', 'testlastname219'),
    ('testuser220@venus.com', 'testfirstname220', 'testlastname220'),
    ('testuser221@venus.com', 'testfirstname221', 'testlastname221'),
    ('testuser222@venus.com', 'testfirstname222', 'testlastname222'),
    ('testuser223@venus.com', 'testfirstname223', 'testlastname223'),
    ('testuser224@venus.com', 'testfirstname224', 'testlastname224'),
    ('testuser225@venus.com', 'testfirstname225', 'testlastname225'),
    ('testuser226@venus.com', 'testfirstname226', 'testlastname226'),
    ('testuser227@venus.com', 'testfirstname227', 'testlastname227'),
    ('testuser228@venus.com', 'testfirstname228', 'testlastname228'),
    ('testuser229@venus.com', 'testfirstname229', 'testlastname229'),
    ('testuser230@venus.com', 'testfirstname230', 'testlastname230'),
    ('testuser231@venus.com', 'testfirstname231', 'testlastname231'),
    ('testuser232@venus.com', 'testfirstname232', 'testlastname232'),
    ('testuser233@venus.com', 'testfirstname233', 'testlastname233'),
    ('testuser234@venus.com', 'testfirstname234', 'testlastname234'),
    ('testuser235@venus.com', 'testfirstname235', 'testlastname235'),
    ('testuser236@venus.com', 'testfirstname236', 'testlastname236'),
    ('testuser237@venus.com', 'testfirstname237', 'testlastname237'),
    ('testuser238@venus.com', 'testfirstname238', 'testlastname238'),
    ('testuser239@venus.com', 'testfirstname239', 'testlastname239'),
    ('testuser240@venus.com', 'testfirstname240', 'testlastname240'),
    ('testuser241@venus.com', 'testfirstname241', 'testlastname241'),
    ('testuser242@venus.com', 'testfirstname242', 'testlastname242'),
    ('testuser243@venus.com', 'testfirstname243', 'testlastname243'),
    ('testuser244@venus.com', 'testfirstname244', 'testlastname244'),
    ('testuser245@venus.com', 'testfirstname245', 'testlastname245'),
    ('testuser246@venus.com', 'testfirstname246', 'testlastname246'),
    ('testuser247@venus.com', 'testfirstname247', 'testlastname247'),
    ('testuser248@venus.com', 'testfirstname248', 'testlastname248'),
    ('testuser249@venus.com', 'testfirstname249', 'testlastname249'),
    ('testuser250@venus.com', 'testfirstname250', 'testlastname250'),
    ('testuser251@venus.com', 'testfirstname251', 'testlastname251'),
    ('testuser252@venus.com', 'testfirstname252', 'testlastname252'),
    ('testuser253@venus.com', 'testfirstname253', 'testlastname253'),
    ('testuser254@venus.com', 'testfirstname254', 'testlastname254'),
    ('testuser255@venus.com', 'testfirstname255', 'testlastname255'),
    ('testuser256@venus.com', 'testfirstname256', 'testlastname256'),
    ('testuser257@venus.com', 'testfirstname257', 'testlastname257'),
    ('testuser258@venus.com', 'testfirstname258', 'testlastname258'),
    ('testuser259@venus.com', 'testfirstname259', 'testlastname259'),
    ('testuser260@venus.com', 'testfirstname260', 'testlastname260'),
    ('testuser261@venus.com', 'testfirstname261', 'testlastname261'),
    ('testuser262@venus.com', 'testfirstname262', 'testlastname262'),
    ('testuser263@venus.com', 'testfirstname263', 'testlastname263'),
    ('testuser264@venus.com', 'testfirstname264', 'testlastname264'),
    ('testuser265@venus.com', 'testfirstname265', 'testlastname265'),
    ('testuser266@venus.com', 'testfirstname266', 'testlastname266'),
    ('testuser267@venus.com', 'testfirstname267', 'testlastname267'),
    ('testuser268@venus.com', 'testfirstname268', 'testlastname268'),
    ('testuser269@venus.com', 'testfirstname269', 'testlastname269'),
    ('testuser270@venus.com', 'testfirstname270', 'testlastname270'),
    ('testuser271@venus.com', 'testfirstname271', 'testlastname271'),
    ('testuser272@venus.com', 'testfirstname272', 'testlastname272'),
    ('testuser273@venus.com', 'testfirstname273', 'testlastname273'),
    ('testuser274@venus.com', 'testfirstname274', 'testlastname274'),
    ('testuser275@venus.com', 'testfirstname275', 'testlastname275'),
    ('testuser276@venus.com', 'testfirstname276', 'testlastname276'),
    ('testuser277@venus.com', 'testfirstname277', 'testlastname277'),
    ('testuser278@venus.com', 'testfirstname278', 'testlastname278'),
    ('testuser279@venus.com', 'testfirstname279', 'testlastname279'),
    ('testuser280@venus.com', 'testfirstname280', 'testlastname280'),
    ('testuser281@venus.com', 'testfirstname281', 'testlastname281'),
    ('testuser282@venus.com', 'testfirstname282', 'testlastname282'),
    ('testuser283@venus.com', 'testfirstname283', 'testlastname283'),
    ('testuser284@venus.com', 'testfirstname284', 'testlastname284'),
    ('testuser285@venus.com', 'testfirstname285', 'testlastname285'),
    ('testuser286@venus.com', 'testfirstname286', 'testlastname286'),
    ('testuser287@venus.com', 'testfirstname287', 'testlastname287'),
    ('testuser288@venus.com', 'testfirstname288', 'testlastname288'),
    ('testuser289@venus.com', 'testfirstname289', 'testlastname289'),
    ('testuser290@venus.com', 'testfirstname290', 'testlastname290'),
    ('testuser291@venus.com', 'testfirstname291', 'testlastname291'),
    ('testuser292@venus.com', 'testfirstname292', 'testlastname292'),
    ('testuser293@venus.com', 'testfirstname293', 'testlastname293'),
    ('testuser294@venus.com', 'testfirstname294', 'testlastname294'),
    ('testuser295@venus.com', 'testfirstname295', 'testlastname295'),
    ('testuser296@venus.com', 'testfirstname296', 'testlastname296'),
    ('testuser297@venus.com', 'testfirstname297', 'testlastname297'),
    ('testuser298@venus.com', 'testfirstname298', 'testlastname298'),
    ('testuser299@venus.com', 'testfirstname299', 'testlastname299'),
    ('testuser300@venus.com', 'testfirstname300', 'testlastname300'),
    ('testuser301@venus.com', 'testfirstname301', 'testlastname301'),
    ('testuser302@venus.com', 'testfirstname302', 'testlastname302'),
    ('testuser303@venus.com', 'testfirstname303', 'testlastname303'),
    ('testuser304@venus.com', 'testfirstname304', 'testlastname304'),
    ('testuser305@venus.com', 'testfirstname305', 'testlastname305'),
    ('testuser306@venus.com', 'testfirstname306', 'testlastname306'),
    ('testuser307@venus.com', 'testfirstname307', 'testlastname307'),
    ('testuser308@venus.com', 'testfirstname308', 'testlastname308'),
    ('testuser309@venus.com', 'testfirstname309', 'testlastname309'),
    ('testuser310@venus.com', 'testfirstname310', 'testlastname310'),
    ('testuser311@venus.com', 'testfirstname311', 'testlastname311'),
    ('testuser312@venus.com', 'testfirstname312', 'testlastname312'),
    ('testuser313@venus.com', 'testfirstname313', 'testlastname313'),
    ('testuser314@venus.com', 'testfirstname314', 'testlastname314'),
    ('testuser315@venus.com', 'testfirstname315', 'testlastname315'),
    ('testuser316@venus.com', 'testfirstname316', 'testlastname316'),
    ('testuser317@venus.com', 'testfirstname317', 'testlastname317'),
    ('testuser318@venus.com', 'testfirstname318', 'testlastname318'),
    ('testuser319@venus.com', 'testfirstname319', 'testlastname319'),
    ('testuser320@venus.com', 'testfirstname320', 'testlastname320'),
    ('testuser321@venus.com', 'testfirstname321', 'testlastname321'),
    ('testuser322@venus.com', 'testfirstname322', 'testlastname322'),
    ('testuser323@venus.com', 'testfirstname323', 'testlastname323'),
    ('testuser324@venus.com', 'testfirstname324', 'testlastname324'),
    ('testuser325@venus.com', 'testfirstname325', 'testlastname325'),
    ('testuser326@venus.com', 'testfirstname326', 'testlastname326'),
    ('testuser327@venus.com', 'testfirstname327', 'testlastname327'),
    ('testuser328@venus.com', 'testfirstname328', 'testlastname328'),
    ('testuser329@venus.com', 'testfirstname329', 'testlastname329'),
    ('testuser330@venus.com', 'testfirstname330', 'testlastname330'),
    ('testuser331@venus.com', 'testfirstname331', 'testlastname331'),
    ('testuser332@venus.com', 'testfirstname332', 'testlastname332'),
    ('testuser333@venus.com', 'testfirstname333', 'testlastname333'),
    ('testuser334@venus.com', 'testfirstname334', 'testlastname334'),
    ('testuser335@venus.com', 'testfirstname335', 'testlastname335'),
    ('testuser336@venus.com', 'testfirstname336', 'testlastname336'),
    ('testuser337@venus.com', 'testfirstname337', 'testlastname337'),
    ('testuser338@venus.com', 'testfirstname338', 'testlastname338'),
    ('testuser339@venus.com', 'testfirstname339', 'testlastname339'),
    ('testuser340@venus.com', 'testfirstname340', 'testlastname340'),
    ('testuser341@venus.com', 'testfirstname341', 'testlastname341'),
    ('testuser342@venus.com', 'testfirstname342', 'testlastname342'),
    ('testuser343@venus.com', 'testfirstname343', 'testlastname343'),
    ('testuser344@venus.com', 'testfirstname344', 'testlastname344'),
    ('testuser345@venus.com', 'testfirstname345', 'testlastname345'),
    ('testuser346@venus.com', 'testfirstname346', 'testlastname346'),
    ('testuser347@venus.com', 'testfirstname347', 'testlastname347'),
    ('testuser348@venus.com', 'testfirstname348', 'testlastname348'),
    ('testuser349@venus.com', 'testfirstname349', 'testlastname349'),
    ('testuser350@venus.com', 'testfirstname350', 'testlastname350'),
    ('testuser351@venus.com', 'testfirstname351', 'testlastname351'),
    ('testuser352@venus.com', 'testfirstname352', 'testlastname352'),
    ('testuser353@venus.com', 'testfirstname353', 'testlastname353'),
    ('testuser354@venus.com', 'testfirstname354', 'testlastname354'),
    ('testuser355@venus.com', 'testfirstname355', 'testlastname355'),
    ('testuser356@venus.com', 'testfirstname356', 'testlastname356'),
    ('testuser357@venus.com', 'testfirstname357', 'testlastname357'),
    ('testuser358@venus.com', 'testfirstname358', 'testlastname358'),
    ('testuser359@venus.com', 'testfirstname359', 'testlastname359'),
    ('testuser360@venus.com', 'testfirstname360', 'testlastname360'),
    ('testuser361@venus.com', 'testfirstname361', 'testlastname361'),
    ('testuser362@venus.com', 'testfirstname362', 'testlastname362'),
    ('testuser363@venus.com', 'testfirstname363', 'testlastname363'),
    ('testuser364@venus.com', 'testfirstname364', 'testlastname364'),
    ('testuser365@venus.com', 'testfirstname365', 'testlastname365'),
    ('testuser366@venus.com', 'testfirstname366', 'testlastname366'),
    ('testuser367@venus.com', 'testfirstname367', 'testlastname367'),
    ('testuser368@venus.com', 'testfirstname368', 'testlastname368'),
    ('testuser369@venus.com', 'testfirstname369', 'testlastname369'),
    ('testuser370@venus.com', 'testfirstname370', 'testlastname370'),
    ('testuser371@venus.com', 'testfirstname371', 'testlastname371'),
    ('testuser372@venus.com', 'testfirstname372', 'testlastname372'),
    ('testuser373@venus.com', 'testfirstname373', 'testlastname373'),
    ('testuser374@venus.com', 'testfirstname374', 'testlastname374'),
    ('testuser375@venus.com', 'testfirstname375', 'testlastname375'),
    ('testuser376@venus.com', 'testfirstname376', 'testlastname376'),
    ('testuser377@venus.com', 'testfirstname377', 'testlastname377'),
    ('testuser378@venus.com', 'testfirstname378', 'testlastname378'),
    ('testuser379@venus.com', 'testfirstname379', 'testlastname379'),
    ('testuser380@venus.com', 'testfirstname380', 'testlastname380'),
    ('testuser381@venus.com', 'testfirstname381', 'testlastname381'),
    ('testuser382@venus.com', 'testfirstname382', 'testlastname382'),
    ('testuser383@venus.com', 'testfirstname383', 'testlastname383'),
    ('testuser384@venus.com', 'testfirstname384', 'testlastname384'),
    ('testuser385@venus.com', 'testfirstname385', 'testlastname385'),
    ('testuser386@venus.com', 'testfirstname386', 'testlastname386'),
    ('testuser387@venus.com', 'testfirstname387', 'testlastname387'),
    ('testuser388@venus.com', 'testfirstname388', 'testlastname388'),
    ('testuser389@venus.com', 'testfirstname389', 'testlastname389'),
    ('testuser390@venus.com', 'testfirstname390', 'testlastname390'),
    ('testuser391@venus.com', 'testfirstname391', 'testlastname391'),
    ('testuser392@venus.com', 'testfirstname392', 'testlastname392'),
    ('testuser393@venus.com', 'testfirstname393', 'testlastname393'),
    ('testuser394@venus.com', 'testfirstname394', 'testlastname394'),
    ('testuser395@venus.com', 'testfirstname395', 'testlastname395'),
    ('testuser396@venus.com', 'testfirstname396', 'testlastname396'),
    ('testuser397@venus.com', 'testfirstname397', 'testlastname397'),
    ('testuser398@venus.com', 'testfirstname398', 'testlastname398'),
    ('testuser399@venus.com', 'testfirstname399', 'testlastname399'),
    ('testuser400@venus.com', 'testfirstname400', 'testlastname400'),
    ('testuser401@venus.com', 'testfirstname401', 'testlastname401'),
    ('testuser402@venus.com', 'testfirstname402', 'testlastname402'),
    ('testuser403@venus.com', 'testfirstname403', 'testlastname403'),
    ('testuser404@venus.com', 'testfirstname404', 'testlastname404'),
    ('testuser405@venus.com', 'testfirstname405', 'testlastname405'),
    ('testuser406@venus.com', 'testfirstname406', 'testlastname406'),
    ('testuser407@venus.com', 'testfirstname407', 'testlastname407'),
    ('testuser408@venus.com', 'testfirstname408', 'testlastname408'),
    ('testuser409@venus.com', 'testfirstname409', 'testlastname409'),
    ('testuser410@venus.com', 'testfirstname410', 'testlastname410'),
    ('testuser411@venus.com', 'testfirstname411', 'testlastname411'),
    ('testuser412@venus.com', 'testfirstname412', 'testlastname412'),
    ('testuser413@venus.com', 'testfirstname413', 'testlastname413'),
    ('testuser414@venus.com', 'testfirstname414', 'testlastname414'),
    ('testuser415@venus.com', 'testfirstname415', 'testlastname415'),
    ('testuser416@venus.com', 'testfirstname416', 'testlastname416'),
    ('testuser417@venus.com', 'testfirstname417', 'testlastname417'),
    ('testuser418@venus.com', 'testfirstname418', 'testlastname418'),
    ('testuser419@venus.com', 'testfirstname419', 'testlastname419'),
    ('testuser420@venus.com', 'testfirstname420', 'testlastname420'),
    ('testuser421@venus.com', 'testfirstname421', 'testlastname421'),
    ('testuser422@venus.com', 'testfirstname422', 'testlastname422'),
    ('testuser423@venus.com', 'testfirstname423', 'testlastname423'),
    ('testuser424@venus.com', 'testfirstname424', 'testlastname424'),
    ('testuser425@venus.com', 'testfirstname425', 'testlastname425'),
    ('testuser426@venus.com', 'testfirstname426', 'testlastname426'),
    ('testuser427@venus.com', 'testfirstname427', 'testlastname427'),
    ('testuser428@venus.com', 'testfirstname428', 'testlastname428'),
    ('testuser429@venus.com', 'testfirstname429', 'testlastname429'),
    ('testuser430@venus.com', 'testfirstname430', 'testlastname430'),
    ('testuser431@venus.com', 'testfirstname431', 'testlastname431'),
    ('testuser432@venus.com', 'testfirstname432', 'testlastname432'),
    ('testuser433@venus.com', 'testfirstname433', 'testlastname433'),
    ('testuser434@venus.com', 'testfirstname434', 'testlastname434'),
    ('testuser435@venus.com', 'testfirstname435', 'testlastname435'),
    ('testuser436@venus.com', 'testfirstname436', 'testlastname436'),
    ('testuser437@venus.com', 'testfirstname437', 'testlastname437'),
    ('testuser438@venus.com', 'testfirstname438', 'testlastname438'),
    ('testuser439@venus.com', 'testfirstname439', 'testlastname439'),
    ('testuser440@venus.com', 'testfirstname440', 'testlastname440'),
    ('testuser441@venus.com', 'testfirstname441', 'testlastname441'),
    ('testuser442@venus.com', 'testfirstname442', 'testlastname442'),
    ('testuser443@venus.com', 'testfirstname443', 'testlastname443'),
    ('testuser444@venus.com', 'testfirstname444', 'testlastname444'),
    ('testuser445@venus.com', 'testfirstname445', 'testlastname445'),
    ('testuser446@venus.com', 'testfirstname446', 'testlastname446'),
    ('testuser447@venus.com', 'testfirstname447', 'testlastname447'),
    ('testuser448@venus.com', 'testfirstname448', 'testlastname448'),
    ('testuser449@venus.com', 'testfirstname449', 'testlastname449'),
    ('testuser450@venus.com', 'testfirstname450', 'testlastname450'),
    ('testuser451@venus.com', 'testfirstname451', 'testlastname451'),
    ('testuser452@venus.com', 'testfirstname452', 'testlastname452'),
    ('testuser453@venus.com', 'testfirstname453', 'testlastname453'),
    ('testuser454@venus.com', 'testfirstname454', 'testlastname454'),
    ('testuser455@venus.com', 'testfirstname455', 'testlastname455'),
    ('testuser456@venus.com', 'testfirstname456', 'testlastname456'),
    ('testuser457@venus.com', 'testfirstname457', 'testlastname457'),
    ('testuser458@venus.com', 'testfirstname458', 'testlastname458'),
    ('testuser459@venus.com', 'testfirstname459', 'testlastname459'),
    ('testuser460@venus.com', 'testfirstname460', 'testlastname460'),
    ('testuser461@venus.com', 'testfirstname461', 'testlastname461'),
    ('testuser462@venus.com', 'testfirstname462', 'testlastname462'),
    ('testuser463@venus.com', 'testfirstname463', 'testlastname463'),
    ('testuser464@venus.com', 'testfirstname464', 'testlastname464'),
    ('testuser465@venus.com', 'testfirstname465', 'testlastname465'),
    ('testuser466@venus.com', 'testfirstname466', 'testlastname466'),
    ('testuser467@venus.com', 'testfirstname467', 'testlastname467'),
    ('testuser468@venus.com', 'testfirstname468', 'testlastname468'),
    ('testuser469@venus.com', 'testfirstname469', 'testlastname469'),
    ('testuser470@venus.com', 'testfirstname470', 'testlastname470'),
    ('testuser471@venus.com', 'testfirstname471', 'testlastname471'),
    ('testuser472@venus.com', 'testfirstname472', 'testlastname472'),
    ('testuser473@venus.com', 'testfirstname473', 'testlastname473'),
    ('testuser474@venus.com', 'testfirstname474', 'testlastname474'),
    ('testuser475@venus.com', 'testfirstname475', 'testlastname475'),
    ('testuser476@venus.com', 'testfirstname476', 'testlastname476'),
    ('testuser477@venus.com', 'testfirstname477', 'testlastname477'),
    ('testuser478@venus.com', 'testfirstname478', 'testlastname478'),
    ('testuser479@venus.com', 'testfirstname479', 'testlastname479'),
    ('testuser480@venus.com', 'testfirstname480', 'testlastname480'),
    ('testuser481@venus.com', 'testfirstname481', 'testlastname481'),
    ('testuser482@venus.com', 'testfirstname482', 'testlastname482'),
    ('testuser483@venus.com', 'testfirstname483', 'testlastname483'),
    ('testuser484@venus.com', 'testfirstname484', 'testlastname484'),
    ('testuser485@venus.com', 'testfirstname485', 'testlastname485'),
    ('testuser486@venus.com', 'testfirstname486', 'testlastname486'),
    ('testuser487@venus.com', 'testfirstname487', 'testlastname487'),
    ('testuser488@venus.com', 'testfirstname488', 'testlastname488'),
    ('testuser489@venus.com', 'testfirstname489', 'testlastname489'),
    ('testuser490@venus.com', 'testfirstname490', 'testlastname490'),
    ('testuser491@venus.com', 'testfirstname491', 'testlastname491'),
    ('testuser492@venus.com', 'testfirstname492', 'testlastname492'),
    ('testuser493@venus.com', 'testfirstname493', 'testlastname493'),
    ('testuser494@venus.com', 'testfirstname494', 'testlastname494'),
    ('testuser495@venus.com', 'testfirstname495', 'testlastname495'),
    ('testuser496@venus.com', 'testfirstname496', 'testlastname496'),
    ('testuser497@venus.com', 'testfirstname497', 'testlastname497'),
    ('testuser498@venus.com', 'testfirstname498', 'testlastname498'),
    ('testuser499@venus.com', 'testfirstname499', 'testlastname499'),
    ('testuser500@venus.com', 'testfirstname500', 'testlastname500');
