INSERT INTO users (username, password, enabled) values
    ("testuser1", "$2a$10$8.UnVuG9HHgffUDAlk8qfOuVGkqRzgVymGe07xd00DMxs.AQubh4a", "1"),
    ("testuser2", "$2a$10$8.UnVuG9HHgffUDAlk8qfOuVGkqRzgVymGe07xd00DMxs.AQubh4a", "1"),
    ("testuser3", "$2a$10$8.UnVuG9HHgffUDAlk8qfOuVGkqRzgVymGe07xd00DMxs.AQubh4a", "1"),
    ("testuser4", "$2a$10$8.UnVuG9HHgffUDAlk8qfOuVGkqRzgVymGe07xd00DMxs.AQubh4a", "1"),
    ("testuser5", "$2a$10$8.UnVuG9HHgffUDAlk8qfOuVGkqRzgVymGe07xd00DMxs.AQubh4a", "1"),
    ("testuser6", "$2a$10$8.UnVuG9HHgffUDAlk8qfOuVGkqRzgVymGe07xd00DMxs.AQubh4a", "1"),
    ("testuser7", "$2a$10$8.UnVuG9HHgffUDAlk8qfOuVGkqRzgVymGe07xd00DMxs.AQubh4a", "1"),
    ("testuser8", "$2a$10$8.UnVuG9HHgffUDAlk8qfOuVGkqRzgVymGe07xd00DMxs.AQubh4a", "1"),
    ("testuser9", "$2a$10$8.UnVuG9HHgffUDAlk8qfOuVGkqRzgVymGe07xd00DMxs.AQubh4a", "1"),
    ("testuser10", "$2a$10$8.UnVuG9HHgffUDAlk8qfOuVGkqRzgVymGe07xd00DMxs.AQubh4a", "1"),
    ("testuser11", "$2a$10$8.UnVuG9HHgffUDAlk8qfOuVGkqRzgVymGe07xd00DMxs.AQubh4a", "1"),
    ("testuser12", "$2a$10$8.UnVuG9HHgffUDAlk8qfOuVGkqRzgVymGe07xd00DMxs.AQubh4a", "1"),
    ("testuser13", "$2a$10$8.UnVuG9HHgffUDAlk8qfOuVGkqRzgVymGe07xd00DMxs.AQubh4a", "1"),
    ("testuser14", "$2a$10$8.UnVuG9HHgffUDAlk8qfOuVGkqRzgVymGe07xd00DMxs.AQubh4a", "1"),
    ("testuser15", "$2a$10$8.UnVuG9HHgffUDAlk8qfOuVGkqRzgVymGe07xd00DMxs.AQubh4a", "1"),
    ("testuser16", "$2a$10$8.UnVuG9HHgffUDAlk8qfOuVGkqRzgVymGe07xd00DMxs.AQubh4a", "1"),
    ("testuser17", "$2a$10$8.UnVuG9HHgffUDAlk8qfOuVGkqRzgVymGe07xd00DMxs.AQubh4a", "1"),
    ("testuser18", "$2a$10$8.UnVuG9HHgffUDAlk8qfOuVGkqRzgVymGe07xd00DMxs.AQubh4a", "1"),
    ("testuser19", "$2a$10$8.UnVuG9HHgffUDAlk8qfOuVGkqRzgVymGe07xd00DMxs.AQubh4a", "1"),
    ("testuser20", "$2a$10$8.UnVuG9HHgffUDAlk8qfOuVGkqRzgVymGe07xd00DMxs.AQubh4a", "1"),
    ("testuser21", "$2a$10$8.UnVuG9HHgffUDAlk8qfOuVGkqRzgVymGe07xd00DMxs.AQubh4a", "1"),
    ("testuser22", "$2a$10$8.UnVuG9HHgffUDAlk8qfOuVGkqRzgVymGe07xd00DMxs.AQubh4a", "1"),
    ("testuser23", "$2a$10$8.UnVuG9HHgffUDAlk8qfOuVGkqRzgVymGe07xd00DMxs.AQubh4a", "1"),
    ("testuser24", "$2a$10$8.UnVuG9HHgffUDAlk8qfOuVGkqRzgVymGe07xd00DMxs.AQubh4a", "1"),
    ("testuser25", "$2a$10$8.UnVuG9HHgffUDAlk8qfOuVGkqRzgVymGe07xd00DMxs.AQubh4a", "1"),
    ("testuser26", "$2a$10$8.UnVuG9HHgffUDAlk8qfOuVGkqRzgVymGe07xd00DMxs.AQubh4a", "1"),
    ("testuser27", "$2a$10$8.UnVuG9HHgffUDAlk8qfOuVGkqRzgVymGe07xd00DMxs.AQubh4a", "1"),
    ("testuser28", "$2a$10$8.UnVuG9HHgffUDAlk8qfOuVGkqRzgVymGe07xd00DMxs.AQubh4a", "1"),
    ("testuser29", "$2a$10$8.UnVuG9HHgffUDAlk8qfOuVGkqRzgVymGe07xd00DMxs.AQubh4a", "1"),
    ("testuser30", "$2a$10$8.UnVuG9HHgffUDAlk8qfOuVGkqRzgVymGe07xd00DMxs.AQubh4a", "1"),
    ("testuser31", "$2a$10$8.UnVuG9HHgffUDAlk8qfOuVGkqRzgVymGe07xd00DMxs.AQubh4a", "1"),
    ("testuser32", "$2a$10$8.UnVuG9HHgffUDAlk8qfOuVGkqRzgVymGe07xd00DMxs.AQubh4a", "1"),
    ("testuser33", "$2a$10$8.UnVuG9HHgffUDAlk8qfOuVGkqRzgVymGe07xd00DMxs.AQubh4a", "1"),
    ("testuser34", "$2a$10$8.UnVuG9HHgffUDAlk8qfOuVGkqRzgVymGe07xd00DMxs.AQubh4a", "1"),
    ("testuser35", "$2a$10$8.UnVuG9HHgffUDAlk8qfOuVGkqRzgVymGe07xd00DMxs.AQubh4a", "1"),
    ("testuser36", "$2a$10$8.UnVuG9HHgffUDAlk8qfOuVGkqRzgVymGe07xd00DMxs.AQubh4a", "1"),
    ("testuser37", "$2a$10$8.UnVuG9HHgffUDAlk8qfOuVGkqRzgVymGe07xd00DMxs.AQubh4a", "1"),
    ("testuser38", "$2a$10$8.UnVuG9HHgffUDAlk8qfOuVGkqRzgVymGe07xd00DMxs.AQubh4a", "1"),
    ("testuser39", "$2a$10$8.UnVuG9HHgffUDAlk8qfOuVGkqRzgVymGe07xd00DMxs.AQubh4a", "1"),
    ("testuser40", "$2a$10$8.UnVuG9HHgffUDAlk8qfOuVGkqRzgVymGe07xd00DMxs.AQubh4a", "1"),
    ("testuser41", "$2a$10$8.UnVuG9HHgffUDAlk8qfOuVGkqRzgVymGe07xd00DMxs.AQubh4a", "1"),
    ("testuser42", "$2a$10$8.UnVuG9HHgffUDAlk8qfOuVGkqRzgVymGe07xd00DMxs.AQubh4a", "1"),
    ("testuser43", "$2a$10$8.UnVuG9HHgffUDAlk8qfOuVGkqRzgVymGe07xd00DMxs.AQubh4a", "1"),
    ("testuser44", "$2a$10$8.UnVuG9HHgffUDAlk8qfOuVGkqRzgVymGe07xd00DMxs.AQubh4a", "1"),
    ("testuser45", "$2a$10$8.UnVuG9HHgffUDAlk8qfOuVGkqRzgVymGe07xd00DMxs.AQubh4a", "1"),
    ("testuser46", "$2a$10$8.UnVuG9HHgffUDAlk8qfOuVGkqRzgVymGe07xd00DMxs.AQubh4a", "1"),
    ("testuser47", "$2a$10$8.UnVuG9HHgffUDAlk8qfOuVGkqRzgVymGe07xd00DMxs.AQubh4a", "1"),
    ("testuser48", "$2a$10$8.UnVuG9HHgffUDAlk8qfOuVGkqRzgVymGe07xd00DMxs.AQubh4a", "1"),
    ("testuser49", "$2a$10$8.UnVuG9HHgffUDAlk8qfOuVGkqRzgVymGe07xd00DMxs.AQubh4a", "1"),
    ("testuser50", "$2a$10$8.UnVuG9HHgffUDAlk8qfOuVGkqRzgVymGe07xd00DMxs.AQubh4a", "1"),
    ("testuser51", "$2a$10$8.UnVuG9HHgffUDAlk8qfOuVGkqRzgVymGe07xd00DMxs.AQubh4a", "1"),
    ("testuser52", "$2a$10$8.UnVuG9HHgffUDAlk8qfOuVGkqRzgVymGe07xd00DMxs.AQubh4a", "1"),
    ("testuser53", "$2a$10$8.UnVuG9HHgffUDAlk8qfOuVGkqRzgVymGe07xd00DMxs.AQubh4a", "1"),
    ("testuser54", "$2a$10$8.UnVuG9HHgffUDAlk8qfOuVGkqRzgVymGe07xd00DMxs.AQubh4a", "1"),
    ("testuser55", "$2a$10$8.UnVuG9HHgffUDAlk8qfOuVGkqRzgVymGe07xd00DMxs.AQubh4a", "1"),
    ("testuser56", "$2a$10$8.UnVuG9HHgffUDAlk8qfOuVGkqRzgVymGe07xd00DMxs.AQubh4a", "1"),
    ("testuser57", "$2a$10$8.UnVuG9HHgffUDAlk8qfOuVGkqRzgVymGe07xd00DMxs.AQubh4a", "1"),
    ("testuser58", "$2a$10$8.UnVuG9HHgffUDAlk8qfOuVGkqRzgVymGe07xd00DMxs.AQubh4a", "1"),
    ("testuser59", "$2a$10$8.UnVuG9HHgffUDAlk8qfOuVGkqRzgVymGe07xd00DMxs.AQubh4a", "1"),
    ("testuser60", "$2a$10$8.UnVuG9HHgffUDAlk8qfOuVGkqRzgVymGe07xd00DMxs.AQubh4a", "1"),
    ("testuser61", "$2a$10$8.UnVuG9HHgffUDAlk8qfOuVGkqRzgVymGe07xd00DMxs.AQubh4a", "1"),
    ("testuser62", "$2a$10$8.UnVuG9HHgffUDAlk8qfOuVGkqRzgVymGe07xd00DMxs.AQubh4a", "1"),
    ("testuser63", "$2a$10$8.UnVuG9HHgffUDAlk8qfOuVGkqRzgVymGe07xd00DMxs.AQubh4a", "1"),
    ("testuser64", "$2a$10$8.UnVuG9HHgffUDAlk8qfOuVGkqRzgVymGe07xd00DMxs.AQubh4a", "1"),
    ("testuser65", "$2a$10$8.UnVuG9HHgffUDAlk8qfOuVGkqRzgVymGe07xd00DMxs.AQubh4a", "1"),
    ("testuser66", "$2a$10$8.UnVuG9HHgffUDAlk8qfOuVGkqRzgVymGe07xd00DMxs.AQubh4a", "1"),
    ("testuser67", "$2a$10$8.UnVuG9HHgffUDAlk8qfOuVGkqRzgVymGe07xd00DMxs.AQubh4a", "1"),
    ("testuser68", "$2a$10$8.UnVuG9HHgffUDAlk8qfOuVGkqRzgVymGe07xd00DMxs.AQubh4a", "1"),
    ("testuser69", "$2a$10$8.UnVuG9HHgffUDAlk8qfOuVGkqRzgVymGe07xd00DMxs.AQubh4a", "1"),
    ("testuser70", "$2a$10$8.UnVuG9HHgffUDAlk8qfOuVGkqRzgVymGe07xd00DMxs.AQubh4a", "1"),
    ("testuser71", "$2a$10$8.UnVuG9HHgffUDAlk8qfOuVGkqRzgVymGe07xd00DMxs.AQubh4a", "1"),
    ("testuser72", "$2a$10$8.UnVuG9HHgffUDAlk8qfOuVGkqRzgVymGe07xd00DMxs.AQubh4a", "1"),
    ("testuser73", "$2a$10$8.UnVuG9HHgffUDAlk8qfOuVGkqRzgVymGe07xd00DMxs.AQubh4a", "1"),
    ("testuser74", "$2a$10$8.UnVuG9HHgffUDAlk8qfOuVGkqRzgVymGe07xd00DMxs.AQubh4a", "1"),
    ("testuser75", "$2a$10$8.UnVuG9HHgffUDAlk8qfOuVGkqRzgVymGe07xd00DMxs.AQubh4a", "1"),
    ("testuser76", "$2a$10$8.UnVuG9HHgffUDAlk8qfOuVGkqRzgVymGe07xd00DMxs.AQubh4a", "1"),
    ("testuser77", "$2a$10$8.UnVuG9HHgffUDAlk8qfOuVGkqRzgVymGe07xd00DMxs.AQubh4a", "1"),
    ("testuser78", "$2a$10$8.UnVuG9HHgffUDAlk8qfOuVGkqRzgVymGe07xd00DMxs.AQubh4a", "1"),
    ("testuser79", "$2a$10$8.UnVuG9HHgffUDAlk8qfOuVGkqRzgVymGe07xd00DMxs.AQubh4a", "1"),
    ("testuser80", "$2a$10$8.UnVuG9HHgffUDAlk8qfOuVGkqRzgVymGe07xd00DMxs.AQubh4a", "1"),
    ("testuser81", "$2a$10$8.UnVuG9HHgffUDAlk8qfOuVGkqRzgVymGe07xd00DMxs.AQubh4a", "1"),
    ("testuser82", "$2a$10$8.UnVuG9HHgffUDAlk8qfOuVGkqRzgVymGe07xd00DMxs.AQubh4a", "1"),
    ("testuser83", "$2a$10$8.UnVuG9HHgffUDAlk8qfOuVGkqRzgVymGe07xd00DMxs.AQubh4a", "1"),
    ("testuser84", "$2a$10$8.UnVuG9HHgffUDAlk8qfOuVGkqRzgVymGe07xd00DMxs.AQubh4a", "1"),
    ("testuser85", "$2a$10$8.UnVuG9HHgffUDAlk8qfOuVGkqRzgVymGe07xd00DMxs.AQubh4a", "1"),
    ("testuser86", "$2a$10$8.UnVuG9HHgffUDAlk8qfOuVGkqRzgVymGe07xd00DMxs.AQubh4a", "1"),
    ("testuser87", "$2a$10$8.UnVuG9HHgffUDAlk8qfOuVGkqRzgVymGe07xd00DMxs.AQubh4a", "1"),
    ("testuser88", "$2a$10$8.UnVuG9HHgffUDAlk8qfOuVGkqRzgVymGe07xd00DMxs.AQubh4a", "1"),
    ("testuser89", "$2a$10$8.UnVuG9HHgffUDAlk8qfOuVGkqRzgVymGe07xd00DMxs.AQubh4a", "1"),
    ("testuser90", "$2a$10$8.UnVuG9HHgffUDAlk8qfOuVGkqRzgVymGe07xd00DMxs.AQubh4a", "1"),
    ("testuser91", "$2a$10$8.UnVuG9HHgffUDAlk8qfOuVGkqRzgVymGe07xd00DMxs.AQubh4a", "1"),
    ("testuser92", "$2a$10$8.UnVuG9HHgffUDAlk8qfOuVGkqRzgVymGe07xd00DMxs.AQubh4a", "1"),
    ("testuser93", "$2a$10$8.UnVuG9HHgffUDAlk8qfOuVGkqRzgVymGe07xd00DMxs.AQubh4a", "1"),
    ("testuser94", "$2a$10$8.UnVuG9HHgffUDAlk8qfOuVGkqRzgVymGe07xd00DMxs.AQubh4a", "1"),
    ("testuser95", "$2a$10$8.UnVuG9HHgffUDAlk8qfOuVGkqRzgVymGe07xd00DMxs.AQubh4a", "1"),
    ("testuser96", "$2a$10$8.UnVuG9HHgffUDAlk8qfOuVGkqRzgVymGe07xd00DMxs.AQubh4a", "1"),
    ("testuser97", "$2a$10$8.UnVuG9HHgffUDAlk8qfOuVGkqRzgVymGe07xd00DMxs.AQubh4a", "1"),
    ("testuser98", "$2a$10$8.UnVuG9HHgffUDAlk8qfOuVGkqRzgVymGe07xd00DMxs.AQubh4a", "1"),
    ("testuser99", "$2a$10$8.UnVuG9HHgffUDAlk8qfOuVGkqRzgVymGe07xd00DMxs.AQubh4a", "1"),
    ("testuser100", "$2a$10$8.UnVuG9HHgffUDAlk8qfOuVGkqRzgVymGe07xd00DMxs.AQubh4a", "1"),
    ("testuser101", "$2a$10$8.UnVuG9HHgffUDAlk8qfOuVGkqRzgVymGe07xd00DMxs.AQubh4a", "1"),
    ("testuser102", "$2a$10$8.UnVuG9HHgffUDAlk8qfOuVGkqRzgVymGe07xd00DMxs.AQubh4a", "1"),
    ("testuser103", "$2a$10$8.UnVuG9HHgffUDAlk8qfOuVGkqRzgVymGe07xd00DMxs.AQubh4a", "1"),
    ("testuser104", "$2a$10$8.UnVuG9HHgffUDAlk8qfOuVGkqRzgVymGe07xd00DMxs.AQubh4a", "1"),
    ("testuser105", "$2a$10$8.UnVuG9HHgffUDAlk8qfOuVGkqRzgVymGe07xd00DMxs.AQubh4a", "1"),
    ("testuser106", "$2a$10$8.UnVuG9HHgffUDAlk8qfOuVGkqRzgVymGe07xd00DMxs.AQubh4a", "1"),
    ("testuser107", "$2a$10$8.UnVuG9HHgffUDAlk8qfOuVGkqRzgVymGe07xd00DMxs.AQubh4a", "1"),
    ("testuser108", "$2a$10$8.UnVuG9HHgffUDAlk8qfOuVGkqRzgVymGe07xd00DMxs.AQubh4a", "1"),
    ("testuser109", "$2a$10$8.UnVuG9HHgffUDAlk8qfOuVGkqRzgVymGe07xd00DMxs.AQubh4a", "1"),
    ("testuser110", "$2a$10$8.UnVuG9HHgffUDAlk8qfOuVGkqRzgVymGe07xd00DMxs.AQubh4a", "1"),
    ("testuser111", "$2a$10$8.UnVuG9HHgffUDAlk8qfOuVGkqRzgVymGe07xd00DMxs.AQubh4a", "1"),
    ("testuser112", "$2a$10$8.UnVuG9HHgffUDAlk8qfOuVGkqRzgVymGe07xd00DMxs.AQubh4a", "1"),
    ("testuser113", "$2a$10$8.UnVuG9HHgffUDAlk8qfOuVGkqRzgVymGe07xd00DMxs.AQubh4a", "1"),
    ("testuser114", "$2a$10$8.UnVuG9HHgffUDAlk8qfOuVGkqRzgVymGe07xd00DMxs.AQubh4a", "1"),
    ("testuser115", "$2a$10$8.UnVuG9HHgffUDAlk8qfOuVGkqRzgVymGe07xd00DMxs.AQubh4a", "1"),
    ("testuser116", "$2a$10$8.UnVuG9HHgffUDAlk8qfOuVGkqRzgVymGe07xd00DMxs.AQubh4a", "1"),
    ("testuser117", "$2a$10$8.UnVuG9HHgffUDAlk8qfOuVGkqRzgVymGe07xd00DMxs.AQubh4a", "1"),
    ("testuser118", "$2a$10$8.UnVuG9HHgffUDAlk8qfOuVGkqRzgVymGe07xd00DMxs.AQubh4a", "1"),
    ("testuser119", "$2a$10$8.UnVuG9HHgffUDAlk8qfOuVGkqRzgVymGe07xd00DMxs.AQubh4a", "1"),
    ("testuser120", "$2a$10$8.UnVuG9HHgffUDAlk8qfOuVGkqRzgVymGe07xd00DMxs.AQubh4a", "1"),
    ("testuser121", "$2a$10$8.UnVuG9HHgffUDAlk8qfOuVGkqRzgVymGe07xd00DMxs.AQubh4a", "1"),
    ("testuser122", "$2a$10$8.UnVuG9HHgffUDAlk8qfOuVGkqRzgVymGe07xd00DMxs.AQubh4a", "1"),
    ("testuser123", "$2a$10$8.UnVuG9HHgffUDAlk8qfOuVGkqRzgVymGe07xd00DMxs.AQubh4a", "1"),
    ("testuser124", "$2a$10$8.UnVuG9HHgffUDAlk8qfOuVGkqRzgVymGe07xd00DMxs.AQubh4a", "1"),
    ("testuser125", "$2a$10$8.UnVuG9HHgffUDAlk8qfOuVGkqRzgVymGe07xd00DMxs.AQubh4a", "1"),
    ("testuser126", "$2a$10$8.UnVuG9HHgffUDAlk8qfOuVGkqRzgVymGe07xd00DMxs.AQubh4a", "1"),
    ("testuser127", "$2a$10$8.UnVuG9HHgffUDAlk8qfOuVGkqRzgVymGe07xd00DMxs.AQubh4a", "1"),
    ("testuser128", "$2a$10$8.UnVuG9HHgffUDAlk8qfOuVGkqRzgVymGe07xd00DMxs.AQubh4a", "1"),
    ("testuser129", "$2a$10$8.UnVuG9HHgffUDAlk8qfOuVGkqRzgVymGe07xd00DMxs.AQubh4a", "1"),
    ("testuser130", "$2a$10$8.UnVuG9HHgffUDAlk8qfOuVGkqRzgVymGe07xd00DMxs.AQubh4a", "1"),
    ("testuser131", "$2a$10$8.UnVuG9HHgffUDAlk8qfOuVGkqRzgVymGe07xd00DMxs.AQubh4a", "1"),
    ("testuser132", "$2a$10$8.UnVuG9HHgffUDAlk8qfOuVGkqRzgVymGe07xd00DMxs.AQubh4a", "1"),
    ("testuser133", "$2a$10$8.UnVuG9HHgffUDAlk8qfOuVGkqRzgVymGe07xd00DMxs.AQubh4a", "1"),
    ("testuser134", "$2a$10$8.UnVuG9HHgffUDAlk8qfOuVGkqRzgVymGe07xd00DMxs.AQubh4a", "1"),
    ("testuser135", "$2a$10$8.UnVuG9HHgffUDAlk8qfOuVGkqRzgVymGe07xd00DMxs.AQubh4a", "1"),
    ("testuser136", "$2a$10$8.UnVuG9HHgffUDAlk8qfOuVGkqRzgVymGe07xd00DMxs.AQubh4a", "1"),
    ("testuser137", "$2a$10$8.UnVuG9HHgffUDAlk8qfOuVGkqRzgVymGe07xd00DMxs.AQubh4a", "1"),
    ("testuser138", "$2a$10$8.UnVuG9HHgffUDAlk8qfOuVGkqRzgVymGe07xd00DMxs.AQubh4a", "1"),
    ("testuser139", "$2a$10$8.UnVuG9HHgffUDAlk8qfOuVGkqRzgVymGe07xd00DMxs.AQubh4a", "1"),
    ("testuser140", "$2a$10$8.UnVuG9HHgffUDAlk8qfOuVGkqRzgVymGe07xd00DMxs.AQubh4a", "1"),
    ("testuser141", "$2a$10$8.UnVuG9HHgffUDAlk8qfOuVGkqRzgVymGe07xd00DMxs.AQubh4a", "1"),
    ("testuser142", "$2a$10$8.UnVuG9HHgffUDAlk8qfOuVGkqRzgVymGe07xd00DMxs.AQubh4a", "1"),
    ("testuser143", "$2a$10$8.UnVuG9HHgffUDAlk8qfOuVGkqRzgVymGe07xd00DMxs.AQubh4a", "1"),
    ("testuser144", "$2a$10$8.UnVuG9HHgffUDAlk8qfOuVGkqRzgVymGe07xd00DMxs.AQubh4a", "1"),
    ("testuser145", "$2a$10$8.UnVuG9HHgffUDAlk8qfOuVGkqRzgVymGe07xd00DMxs.AQubh4a", "1"),
    ("testuser146", "$2a$10$8.UnVuG9HHgffUDAlk8qfOuVGkqRzgVymGe07xd00DMxs.AQubh4a", "1"),
    ("testuser147", "$2a$10$8.UnVuG9HHgffUDAlk8qfOuVGkqRzgVymGe07xd00DMxs.AQubh4a", "1"),
    ("testuser148", "$2a$10$8.UnVuG9HHgffUDAlk8qfOuVGkqRzgVymGe07xd00DMxs.AQubh4a", "1"),
    ("testuser149", "$2a$10$8.UnVuG9HHgffUDAlk8qfOuVGkqRzgVymGe07xd00DMxs.AQubh4a", "1"),
    ("testuser150", "$2a$10$8.UnVuG9HHgffUDAlk8qfOuVGkqRzgVymGe07xd00DMxs.AQubh4a", "1"),
    ("testuser151", "$2a$10$8.UnVuG9HHgffUDAlk8qfOuVGkqRzgVymGe07xd00DMxs.AQubh4a", "1"),
    ("testuser152", "$2a$10$8.UnVuG9HHgffUDAlk8qfOuVGkqRzgVymGe07xd00DMxs.AQubh4a", "1"),
    ("testuser153", "$2a$10$8.UnVuG9HHgffUDAlk8qfOuVGkqRzgVymGe07xd00DMxs.AQubh4a", "1"),
    ("testuser154", "$2a$10$8.UnVuG9HHgffUDAlk8qfOuVGkqRzgVymGe07xd00DMxs.AQubh4a", "1"),
    ("testuser155", "$2a$10$8.UnVuG9HHgffUDAlk8qfOuVGkqRzgVymGe07xd00DMxs.AQubh4a", "1"),
    ("testuser156", "$2a$10$8.UnVuG9HHgffUDAlk8qfOuVGkqRzgVymGe07xd00DMxs.AQubh4a", "1"),
    ("testuser157", "$2a$10$8.UnVuG9HHgffUDAlk8qfOuVGkqRzgVymGe07xd00DMxs.AQubh4a", "1"),
    ("testuser158", "$2a$10$8.UnVuG9HHgffUDAlk8qfOuVGkqRzgVymGe07xd00DMxs.AQubh4a", "1"),
    ("testuser159", "$2a$10$8.UnVuG9HHgffUDAlk8qfOuVGkqRzgVymGe07xd00DMxs.AQubh4a", "1"),
    ("testuser160", "$2a$10$8.UnVuG9HHgffUDAlk8qfOuVGkqRzgVymGe07xd00DMxs.AQubh4a", "1"),
    ("testuser161", "$2a$10$8.UnVuG9HHgffUDAlk8qfOuVGkqRzgVymGe07xd00DMxs.AQubh4a", "1"),
    ("testuser162", "$2a$10$8.UnVuG9HHgffUDAlk8qfOuVGkqRzgVymGe07xd00DMxs.AQubh4a", "1"),
    ("testuser163", "$2a$10$8.UnVuG9HHgffUDAlk8qfOuVGkqRzgVymGe07xd00DMxs.AQubh4a", "1"),
    ("testuser164", "$2a$10$8.UnVuG9HHgffUDAlk8qfOuVGkqRzgVymGe07xd00DMxs.AQubh4a", "1"),
    ("testuser165", "$2a$10$8.UnVuG9HHgffUDAlk8qfOuVGkqRzgVymGe07xd00DMxs.AQubh4a", "1"),
    ("testuser166", "$2a$10$8.UnVuG9HHgffUDAlk8qfOuVGkqRzgVymGe07xd00DMxs.AQubh4a", "1"),
    ("testuser167", "$2a$10$8.UnVuG9HHgffUDAlk8qfOuVGkqRzgVymGe07xd00DMxs.AQubh4a", "1"),
    ("testuser168", "$2a$10$8.UnVuG9HHgffUDAlk8qfOuVGkqRzgVymGe07xd00DMxs.AQubh4a", "1"),
    ("testuser169", "$2a$10$8.UnVuG9HHgffUDAlk8qfOuVGkqRzgVymGe07xd00DMxs.AQubh4a", "1"),
    ("testuser170", "$2a$10$8.UnVuG9HHgffUDAlk8qfOuVGkqRzgVymGe07xd00DMxs.AQubh4a", "1"),
    ("testuser171", "$2a$10$8.UnVuG9HHgffUDAlk8qfOuVGkqRzgVymGe07xd00DMxs.AQubh4a", "1"),
    ("testuser172", "$2a$10$8.UnVuG9HHgffUDAlk8qfOuVGkqRzgVymGe07xd00DMxs.AQubh4a", "1"),
    ("testuser173", "$2a$10$8.UnVuG9HHgffUDAlk8qfOuVGkqRzgVymGe07xd00DMxs.AQubh4a", "1"),
    ("testuser174", "$2a$10$8.UnVuG9HHgffUDAlk8qfOuVGkqRzgVymGe07xd00DMxs.AQubh4a", "1"),
    ("testuser175", "$2a$10$8.UnVuG9HHgffUDAlk8qfOuVGkqRzgVymGe07xd00DMxs.AQubh4a", "1"),
    ("testuser176", "$2a$10$8.UnVuG9HHgffUDAlk8qfOuVGkqRzgVymGe07xd00DMxs.AQubh4a", "1"),
    ("testuser177", "$2a$10$8.UnVuG9HHgffUDAlk8qfOuVGkqRzgVymGe07xd00DMxs.AQubh4a", "1"),
    ("testuser178", "$2a$10$8.UnVuG9HHgffUDAlk8qfOuVGkqRzgVymGe07xd00DMxs.AQubh4a", "1"),
    ("testuser179", "$2a$10$8.UnVuG9HHgffUDAlk8qfOuVGkqRzgVymGe07xd00DMxs.AQubh4a", "1"),
    ("testuser180", "$2a$10$8.UnVuG9HHgffUDAlk8qfOuVGkqRzgVymGe07xd00DMxs.AQubh4a", "1"),
    ("testuser181", "$2a$10$8.UnVuG9HHgffUDAlk8qfOuVGkqRzgVymGe07xd00DMxs.AQubh4a", "1"),
    ("testuser182", "$2a$10$8.UnVuG9HHgffUDAlk8qfOuVGkqRzgVymGe07xd00DMxs.AQubh4a", "1"),
    ("testuser183", "$2a$10$8.UnVuG9HHgffUDAlk8qfOuVGkqRzgVymGe07xd00DMxs.AQubh4a", "1"),
    ("testuser184", "$2a$10$8.UnVuG9HHgffUDAlk8qfOuVGkqRzgVymGe07xd00DMxs.AQubh4a", "1"),
    ("testuser185", "$2a$10$8.UnVuG9HHgffUDAlk8qfOuVGkqRzgVymGe07xd00DMxs.AQubh4a", "1"),
    ("testuser186", "$2a$10$8.UnVuG9HHgffUDAlk8qfOuVGkqRzgVymGe07xd00DMxs.AQubh4a", "1"),
    ("testuser187", "$2a$10$8.UnVuG9HHgffUDAlk8qfOuVGkqRzgVymGe07xd00DMxs.AQubh4a", "1"),
    ("testuser188", "$2a$10$8.UnVuG9HHgffUDAlk8qfOuVGkqRzgVymGe07xd00DMxs.AQubh4a", "1"),
    ("testuser189", "$2a$10$8.UnVuG9HHgffUDAlk8qfOuVGkqRzgVymGe07xd00DMxs.AQubh4a", "1"),
    ("testuser190", "$2a$10$8.UnVuG9HHgffUDAlk8qfOuVGkqRzgVymGe07xd00DMxs.AQubh4a", "1"),
    ("testuser191", "$2a$10$8.UnVuG9HHgffUDAlk8qfOuVGkqRzgVymGe07xd00DMxs.AQubh4a", "1"),
    ("testuser192", "$2a$10$8.UnVuG9HHgffUDAlk8qfOuVGkqRzgVymGe07xd00DMxs.AQubh4a", "1"),
    ("testuser193", "$2a$10$8.UnVuG9HHgffUDAlk8qfOuVGkqRzgVymGe07xd00DMxs.AQubh4a", "1"),
    ("testuser194", "$2a$10$8.UnVuG9HHgffUDAlk8qfOuVGkqRzgVymGe07xd00DMxs.AQubh4a", "1"),
    ("testuser195", "$2a$10$8.UnVuG9HHgffUDAlk8qfOuVGkqRzgVymGe07xd00DMxs.AQubh4a", "1"),
    ("testuser196", "$2a$10$8.UnVuG9HHgffUDAlk8qfOuVGkqRzgVymGe07xd00DMxs.AQubh4a", "1"),
    ("testuser197", "$2a$10$8.UnVuG9HHgffUDAlk8qfOuVGkqRzgVymGe07xd00DMxs.AQubh4a", "1"),
    ("testuser198", "$2a$10$8.UnVuG9HHgffUDAlk8qfOuVGkqRzgVymGe07xd00DMxs.AQubh4a", "1"),
    ("testuser199", "$2a$10$8.UnVuG9HHgffUDAlk8qfOuVGkqRzgVymGe07xd00DMxs.AQubh4a", "1"),
    ("testuser200", "$2a$10$8.UnVuG9HHgffUDAlk8qfOuVGkqRzgVymGe07xd00DMxs.AQubh4a", "1"),
    ("testuser201", "$2a$10$8.UnVuG9HHgffUDAlk8qfOuVGkqRzgVymGe07xd00DMxs.AQubh4a", "1"),
    ("testuser202", "$2a$10$8.UnVuG9HHgffUDAlk8qfOuVGkqRzgVymGe07xd00DMxs.AQubh4a", "1"),
    ("testuser203", "$2a$10$8.UnVuG9HHgffUDAlk8qfOuVGkqRzgVymGe07xd00DMxs.AQubh4a", "1"),
    ("testuser204", "$2a$10$8.UnVuG9HHgffUDAlk8qfOuVGkqRzgVymGe07xd00DMxs.AQubh4a", "1"),
    ("testuser205", "$2a$10$8.UnVuG9HHgffUDAlk8qfOuVGkqRzgVymGe07xd00DMxs.AQubh4a", "1"),
    ("testuser206", "$2a$10$8.UnVuG9HHgffUDAlk8qfOuVGkqRzgVymGe07xd00DMxs.AQubh4a", "1"),
    ("testuser207", "$2a$10$8.UnVuG9HHgffUDAlk8qfOuVGkqRzgVymGe07xd00DMxs.AQubh4a", "1"),
    ("testuser208", "$2a$10$8.UnVuG9HHgffUDAlk8qfOuVGkqRzgVymGe07xd00DMxs.AQubh4a", "1"),
    ("testuser209", "$2a$10$8.UnVuG9HHgffUDAlk8qfOuVGkqRzgVymGe07xd00DMxs.AQubh4a", "1"),
    ("testuser210", "$2a$10$8.UnVuG9HHgffUDAlk8qfOuVGkqRzgVymGe07xd00DMxs.AQubh4a", "1"),
    ("testuser211", "$2a$10$8.UnVuG9HHgffUDAlk8qfOuVGkqRzgVymGe07xd00DMxs.AQubh4a", "1"),
    ("testuser212", "$2a$10$8.UnVuG9HHgffUDAlk8qfOuVGkqRzgVymGe07xd00DMxs.AQubh4a", "1"),
    ("testuser213", "$2a$10$8.UnVuG9HHgffUDAlk8qfOuVGkqRzgVymGe07xd00DMxs.AQubh4a", "1"),
    ("testuser214", "$2a$10$8.UnVuG9HHgffUDAlk8qfOuVGkqRzgVymGe07xd00DMxs.AQubh4a", "1"),
    ("testuser215", "$2a$10$8.UnVuG9HHgffUDAlk8qfOuVGkqRzgVymGe07xd00DMxs.AQubh4a", "1"),
    ("testuser216", "$2a$10$8.UnVuG9HHgffUDAlk8qfOuVGkqRzgVymGe07xd00DMxs.AQubh4a", "1"),
    ("testuser217", "$2a$10$8.UnVuG9HHgffUDAlk8qfOuVGkqRzgVymGe07xd00DMxs.AQubh4a", "1"),
    ("testuser218", "$2a$10$8.UnVuG9HHgffUDAlk8qfOuVGkqRzgVymGe07xd00DMxs.AQubh4a", "1"),
    ("testuser219", "$2a$10$8.UnVuG9HHgffUDAlk8qfOuVGkqRzgVymGe07xd00DMxs.AQubh4a", "1"),
    ("testuser220", "$2a$10$8.UnVuG9HHgffUDAlk8qfOuVGkqRzgVymGe07xd00DMxs.AQubh4a", "1"),
    ("testuser221", "$2a$10$8.UnVuG9HHgffUDAlk8qfOuVGkqRzgVymGe07xd00DMxs.AQubh4a", "1"),
    ("testuser222", "$2a$10$8.UnVuG9HHgffUDAlk8qfOuVGkqRzgVymGe07xd00DMxs.AQubh4a", "1"),
    ("testuser223", "$2a$10$8.UnVuG9HHgffUDAlk8qfOuVGkqRzgVymGe07xd00DMxs.AQubh4a", "1"),
    ("testuser224", "$2a$10$8.UnVuG9HHgffUDAlk8qfOuVGkqRzgVymGe07xd00DMxs.AQubh4a", "1"),
    ("testuser225", "$2a$10$8.UnVuG9HHgffUDAlk8qfOuVGkqRzgVymGe07xd00DMxs.AQubh4a", "1"),
    ("testuser226", "$2a$10$8.UnVuG9HHgffUDAlk8qfOuVGkqRzgVymGe07xd00DMxs.AQubh4a", "1"),
    ("testuser227", "$2a$10$8.UnVuG9HHgffUDAlk8qfOuVGkqRzgVymGe07xd00DMxs.AQubh4a", "1"),
    ("testuser228", "$2a$10$8.UnVuG9HHgffUDAlk8qfOuVGkqRzgVymGe07xd00DMxs.AQubh4a", "1"),
    ("testuser229", "$2a$10$8.UnVuG9HHgffUDAlk8qfOuVGkqRzgVymGe07xd00DMxs.AQubh4a", "1"),
    ("testuser230", "$2a$10$8.UnVuG9HHgffUDAlk8qfOuVGkqRzgVymGe07xd00DMxs.AQubh4a", "1"),
    ("testuser231", "$2a$10$8.UnVuG9HHgffUDAlk8qfOuVGkqRzgVymGe07xd00DMxs.AQubh4a", "1"),
    ("testuser232", "$2a$10$8.UnVuG9HHgffUDAlk8qfOuVGkqRzgVymGe07xd00DMxs.AQubh4a", "1"),
    ("testuser233", "$2a$10$8.UnVuG9HHgffUDAlk8qfOuVGkqRzgVymGe07xd00DMxs.AQubh4a", "1"),
    ("testuser234", "$2a$10$8.UnVuG9HHgffUDAlk8qfOuVGkqRzgVymGe07xd00DMxs.AQubh4a", "1"),
    ("testuser235", "$2a$10$8.UnVuG9HHgffUDAlk8qfOuVGkqRzgVymGe07xd00DMxs.AQubh4a", "1"),
    ("testuser236", "$2a$10$8.UnVuG9HHgffUDAlk8qfOuVGkqRzgVymGe07xd00DMxs.AQubh4a", "1"),
    ("testuser237", "$2a$10$8.UnVuG9HHgffUDAlk8qfOuVGkqRzgVymGe07xd00DMxs.AQubh4a", "1"),
    ("testuser238", "$2a$10$8.UnVuG9HHgffUDAlk8qfOuVGkqRzgVymGe07xd00DMxs.AQubh4a", "1"),
    ("testuser239", "$2a$10$8.UnVuG9HHgffUDAlk8qfOuVGkqRzgVymGe07xd00DMxs.AQubh4a", "1"),
    ("testuser240", "$2a$10$8.UnVuG9HHgffUDAlk8qfOuVGkqRzgVymGe07xd00DMxs.AQubh4a", "1"),
    ("testuser241", "$2a$10$8.UnVuG9HHgffUDAlk8qfOuVGkqRzgVymGe07xd00DMxs.AQubh4a", "1"),
    ("testuser242", "$2a$10$8.UnVuG9HHgffUDAlk8qfOuVGkqRzgVymGe07xd00DMxs.AQubh4a", "1"),
    ("testuser243", "$2a$10$8.UnVuG9HHgffUDAlk8qfOuVGkqRzgVymGe07xd00DMxs.AQubh4a", "1"),
    ("testuser244", "$2a$10$8.UnVuG9HHgffUDAlk8qfOuVGkqRzgVymGe07xd00DMxs.AQubh4a", "1"),
    ("testuser245", "$2a$10$8.UnVuG9HHgffUDAlk8qfOuVGkqRzgVymGe07xd00DMxs.AQubh4a", "1"),
    ("testuser246", "$2a$10$8.UnVuG9HHgffUDAlk8qfOuVGkqRzgVymGe07xd00DMxs.AQubh4a", "1"),
    ("testuser247", "$2a$10$8.UnVuG9HHgffUDAlk8qfOuVGkqRzgVymGe07xd00DMxs.AQubh4a", "1"),
    ("testuser248", "$2a$10$8.UnVuG9HHgffUDAlk8qfOuVGkqRzgVymGe07xd00DMxs.AQubh4a", "1"),
    ("testuser249", "$2a$10$8.UnVuG9HHgffUDAlk8qfOuVGkqRzgVymGe07xd00DMxs.AQubh4a", "1"),
    ("testuser250", "$2a$10$8.UnVuG9HHgffUDAlk8qfOuVGkqRzgVymGe07xd00DMxs.AQubh4a", "1"),
    ("testuser251", "$2a$10$8.UnVuG9HHgffUDAlk8qfOuVGkqRzgVymGe07xd00DMxs.AQubh4a", "1"),
    ("testuser252", "$2a$10$8.UnVuG9HHgffUDAlk8qfOuVGkqRzgVymGe07xd00DMxs.AQubh4a", "1"),
    ("testuser253", "$2a$10$8.UnVuG9HHgffUDAlk8qfOuVGkqRzgVymGe07xd00DMxs.AQubh4a", "1"),
    ("testuser254", "$2a$10$8.UnVuG9HHgffUDAlk8qfOuVGkqRzgVymGe07xd00DMxs.AQubh4a", "1"),
    ("testuser255", "$2a$10$8.UnVuG9HHgffUDAlk8qfOuVGkqRzgVymGe07xd00DMxs.AQubh4a", "1"),
    ("testuser256", "$2a$10$8.UnVuG9HHgffUDAlk8qfOuVGkqRzgVymGe07xd00DMxs.AQubh4a", "1"),
    ("testuser257", "$2a$10$8.UnVuG9HHgffUDAlk8qfOuVGkqRzgVymGe07xd00DMxs.AQubh4a", "1"),
    ("testuser258", "$2a$10$8.UnVuG9HHgffUDAlk8qfOuVGkqRzgVymGe07xd00DMxs.AQubh4a", "1"),
    ("testuser259", "$2a$10$8.UnVuG9HHgffUDAlk8qfOuVGkqRzgVymGe07xd00DMxs.AQubh4a", "1"),
    ("testuser260", "$2a$10$8.UnVuG9HHgffUDAlk8qfOuVGkqRzgVymGe07xd00DMxs.AQubh4a", "1"),
    ("testuser261", "$2a$10$8.UnVuG9HHgffUDAlk8qfOuVGkqRzgVymGe07xd00DMxs.AQubh4a", "1"),
    ("testuser262", "$2a$10$8.UnVuG9HHgffUDAlk8qfOuVGkqRzgVymGe07xd00DMxs.AQubh4a", "1"),
    ("testuser263", "$2a$10$8.UnVuG9HHgffUDAlk8qfOuVGkqRzgVymGe07xd00DMxs.AQubh4a", "1"),
    ("testuser264", "$2a$10$8.UnVuG9HHgffUDAlk8qfOuVGkqRzgVymGe07xd00DMxs.AQubh4a", "1"),
    ("testuser265", "$2a$10$8.UnVuG9HHgffUDAlk8qfOuVGkqRzgVymGe07xd00DMxs.AQubh4a", "1"),
    ("testuser266", "$2a$10$8.UnVuG9HHgffUDAlk8qfOuVGkqRzgVymGe07xd00DMxs.AQubh4a", "1"),
    ("testuser267", "$2a$10$8.UnVuG9HHgffUDAlk8qfOuVGkqRzgVymGe07xd00DMxs.AQubh4a", "1"),
    ("testuser268", "$2a$10$8.UnVuG9HHgffUDAlk8qfOuVGkqRzgVymGe07xd00DMxs.AQubh4a", "1"),
    ("testuser269", "$2a$10$8.UnVuG9HHgffUDAlk8qfOuVGkqRzgVymGe07xd00DMxs.AQubh4a", "1"),
    ("testuser270", "$2a$10$8.UnVuG9HHgffUDAlk8qfOuVGkqRzgVymGe07xd00DMxs.AQubh4a", "1"),
    ("testuser271", "$2a$10$8.UnVuG9HHgffUDAlk8qfOuVGkqRzgVymGe07xd00DMxs.AQubh4a", "1"),
    ("testuser272", "$2a$10$8.UnVuG9HHgffUDAlk8qfOuVGkqRzgVymGe07xd00DMxs.AQubh4a", "1"),
    ("testuser273", "$2a$10$8.UnVuG9HHgffUDAlk8qfOuVGkqRzgVymGe07xd00DMxs.AQubh4a", "1"),
    ("testuser274", "$2a$10$8.UnVuG9HHgffUDAlk8qfOuVGkqRzgVymGe07xd00DMxs.AQubh4a", "1"),
    ("testuser275", "$2a$10$8.UnVuG9HHgffUDAlk8qfOuVGkqRzgVymGe07xd00DMxs.AQubh4a", "1"),
    ("testuser276", "$2a$10$8.UnVuG9HHgffUDAlk8qfOuVGkqRzgVymGe07xd00DMxs.AQubh4a", "1"),
    ("testuser277", "$2a$10$8.UnVuG9HHgffUDAlk8qfOuVGkqRzgVymGe07xd00DMxs.AQubh4a", "1"),
    ("testuser278", "$2a$10$8.UnVuG9HHgffUDAlk8qfOuVGkqRzgVymGe07xd00DMxs.AQubh4a", "1"),
    ("testuser279", "$2a$10$8.UnVuG9HHgffUDAlk8qfOuVGkqRzgVymGe07xd00DMxs.AQubh4a", "1"),
    ("testuser280", "$2a$10$8.UnVuG9HHgffUDAlk8qfOuVGkqRzgVymGe07xd00DMxs.AQubh4a", "1"),
    ("testuser281", "$2a$10$8.UnVuG9HHgffUDAlk8qfOuVGkqRzgVymGe07xd00DMxs.AQubh4a", "1"),
    ("testuser282", "$2a$10$8.UnVuG9HHgffUDAlk8qfOuVGkqRzgVymGe07xd00DMxs.AQubh4a", "1"),
    ("testuser283", "$2a$10$8.UnVuG9HHgffUDAlk8qfOuVGkqRzgVymGe07xd00DMxs.AQubh4a", "1"),
    ("testuser284", "$2a$10$8.UnVuG9HHgffUDAlk8qfOuVGkqRzgVymGe07xd00DMxs.AQubh4a", "1"),
    ("testuser285", "$2a$10$8.UnVuG9HHgffUDAlk8qfOuVGkqRzgVymGe07xd00DMxs.AQubh4a", "1"),
    ("testuser286", "$2a$10$8.UnVuG9HHgffUDAlk8qfOuVGkqRzgVymGe07xd00DMxs.AQubh4a", "1"),
    ("testuser287", "$2a$10$8.UnVuG9HHgffUDAlk8qfOuVGkqRzgVymGe07xd00DMxs.AQubh4a", "1"),
    ("testuser288", "$2a$10$8.UnVuG9HHgffUDAlk8qfOuVGkqRzgVymGe07xd00DMxs.AQubh4a", "1"),
    ("testuser289", "$2a$10$8.UnVuG9HHgffUDAlk8qfOuVGkqRzgVymGe07xd00DMxs.AQubh4a", "1"),
    ("testuser290", "$2a$10$8.UnVuG9HHgffUDAlk8qfOuVGkqRzgVymGe07xd00DMxs.AQubh4a", "1"),
    ("testuser291", "$2a$10$8.UnVuG9HHgffUDAlk8qfOuVGkqRzgVymGe07xd00DMxs.AQubh4a", "1"),
    ("testuser292", "$2a$10$8.UnVuG9HHgffUDAlk8qfOuVGkqRzgVymGe07xd00DMxs.AQubh4a", "1"),
    ("testuser293", "$2a$10$8.UnVuG9HHgffUDAlk8qfOuVGkqRzgVymGe07xd00DMxs.AQubh4a", "1"),
    ("testuser294", "$2a$10$8.UnVuG9HHgffUDAlk8qfOuVGkqRzgVymGe07xd00DMxs.AQubh4a", "1"),
    ("testuser295", "$2a$10$8.UnVuG9HHgffUDAlk8qfOuVGkqRzgVymGe07xd00DMxs.AQubh4a", "1"),
    ("testuser296", "$2a$10$8.UnVuG9HHgffUDAlk8qfOuVGkqRzgVymGe07xd00DMxs.AQubh4a", "1"),
    ("testuser297", "$2a$10$8.UnVuG9HHgffUDAlk8qfOuVGkqRzgVymGe07xd00DMxs.AQubh4a", "1"),
    ("testuser298", "$2a$10$8.UnVuG9HHgffUDAlk8qfOuVGkqRzgVymGe07xd00DMxs.AQubh4a", "1"),
    ("testuser299", "$2a$10$8.UnVuG9HHgffUDAlk8qfOuVGkqRzgVymGe07xd00DMxs.AQubh4a", "1"),
    ("testuser300", "$2a$10$8.UnVuG9HHgffUDAlk8qfOuVGkqRzgVymGe07xd00DMxs.AQubh4a", "1"),
    ("testuser301", "$2a$10$8.UnVuG9HHgffUDAlk8qfOuVGkqRzgVymGe07xd00DMxs.AQubh4a", "1"),
    ("testuser302", "$2a$10$8.UnVuG9HHgffUDAlk8qfOuVGkqRzgVymGe07xd00DMxs.AQubh4a", "1"),
    ("testuser303", "$2a$10$8.UnVuG9HHgffUDAlk8qfOuVGkqRzgVymGe07xd00DMxs.AQubh4a", "1"),
    ("testuser304", "$2a$10$8.UnVuG9HHgffUDAlk8qfOuVGkqRzgVymGe07xd00DMxs.AQubh4a", "1"),
    ("testuser305", "$2a$10$8.UnVuG9HHgffUDAlk8qfOuVGkqRzgVymGe07xd00DMxs.AQubh4a", "1"),
    ("testuser306", "$2a$10$8.UnVuG9HHgffUDAlk8qfOuVGkqRzgVymGe07xd00DMxs.AQubh4a", "1"),
    ("testuser307", "$2a$10$8.UnVuG9HHgffUDAlk8qfOuVGkqRzgVymGe07xd00DMxs.AQubh4a", "1"),
    ("testuser308", "$2a$10$8.UnVuG9HHgffUDAlk8qfOuVGkqRzgVymGe07xd00DMxs.AQubh4a", "1"),
    ("testuser309", "$2a$10$8.UnVuG9HHgffUDAlk8qfOuVGkqRzgVymGe07xd00DMxs.AQubh4a", "1"),
    ("testuser310", "$2a$10$8.UnVuG9HHgffUDAlk8qfOuVGkqRzgVymGe07xd00DMxs.AQubh4a", "1"),
    ("testuser311", "$2a$10$8.UnVuG9HHgffUDAlk8qfOuVGkqRzgVymGe07xd00DMxs.AQubh4a", "1"),
    ("testuser312", "$2a$10$8.UnVuG9HHgffUDAlk8qfOuVGkqRzgVymGe07xd00DMxs.AQubh4a", "1"),
    ("testuser313", "$2a$10$8.UnVuG9HHgffUDAlk8qfOuVGkqRzgVymGe07xd00DMxs.AQubh4a", "1"),
    ("testuser314", "$2a$10$8.UnVuG9HHgffUDAlk8qfOuVGkqRzgVymGe07xd00DMxs.AQubh4a", "1"),
    ("testuser315", "$2a$10$8.UnVuG9HHgffUDAlk8qfOuVGkqRzgVymGe07xd00DMxs.AQubh4a", "1"),
    ("testuser316", "$2a$10$8.UnVuG9HHgffUDAlk8qfOuVGkqRzgVymGe07xd00DMxs.AQubh4a", "1"),
    ("testuser317", "$2a$10$8.UnVuG9HHgffUDAlk8qfOuVGkqRzgVymGe07xd00DMxs.AQubh4a", "1"),
    ("testuser318", "$2a$10$8.UnVuG9HHgffUDAlk8qfOuVGkqRzgVymGe07xd00DMxs.AQubh4a", "1"),
    ("testuser319", "$2a$10$8.UnVuG9HHgffUDAlk8qfOuVGkqRzgVymGe07xd00DMxs.AQubh4a", "1"),
    ("testuser320", "$2a$10$8.UnVuG9HHgffUDAlk8qfOuVGkqRzgVymGe07xd00DMxs.AQubh4a", "1"),
    ("testuser321", "$2a$10$8.UnVuG9HHgffUDAlk8qfOuVGkqRzgVymGe07xd00DMxs.AQubh4a", "1"),
    ("testuser322", "$2a$10$8.UnVuG9HHgffUDAlk8qfOuVGkqRzgVymGe07xd00DMxs.AQubh4a", "1"),
    ("testuser323", "$2a$10$8.UnVuG9HHgffUDAlk8qfOuVGkqRzgVymGe07xd00DMxs.AQubh4a", "1"),
    ("testuser324", "$2a$10$8.UnVuG9HHgffUDAlk8qfOuVGkqRzgVymGe07xd00DMxs.AQubh4a", "1"),
    ("testuser325", "$2a$10$8.UnVuG9HHgffUDAlk8qfOuVGkqRzgVymGe07xd00DMxs.AQubh4a", "1"),
    ("testuser326", "$2a$10$8.UnVuG9HHgffUDAlk8qfOuVGkqRzgVymGe07xd00DMxs.AQubh4a", "1"),
    ("testuser327", "$2a$10$8.UnVuG9HHgffUDAlk8qfOuVGkqRzgVymGe07xd00DMxs.AQubh4a", "1"),
    ("testuser328", "$2a$10$8.UnVuG9HHgffUDAlk8qfOuVGkqRzgVymGe07xd00DMxs.AQubh4a", "1"),
    ("testuser329", "$2a$10$8.UnVuG9HHgffUDAlk8qfOuVGkqRzgVymGe07xd00DMxs.AQubh4a", "1"),
    ("testuser330", "$2a$10$8.UnVuG9HHgffUDAlk8qfOuVGkqRzgVymGe07xd00DMxs.AQubh4a", "1"),
    ("testuser331", "$2a$10$8.UnVuG9HHgffUDAlk8qfOuVGkqRzgVymGe07xd00DMxs.AQubh4a", "1"),
    ("testuser332", "$2a$10$8.UnVuG9HHgffUDAlk8qfOuVGkqRzgVymGe07xd00DMxs.AQubh4a", "1"),
    ("testuser333", "$2a$10$8.UnVuG9HHgffUDAlk8qfOuVGkqRzgVymGe07xd00DMxs.AQubh4a", "1"),
    ("testuser334", "$2a$10$8.UnVuG9HHgffUDAlk8qfOuVGkqRzgVymGe07xd00DMxs.AQubh4a", "1"),
    ("testuser335", "$2a$10$8.UnVuG9HHgffUDAlk8qfOuVGkqRzgVymGe07xd00DMxs.AQubh4a", "1"),
    ("testuser336", "$2a$10$8.UnVuG9HHgffUDAlk8qfOuVGkqRzgVymGe07xd00DMxs.AQubh4a", "1"),
    ("testuser337", "$2a$10$8.UnVuG9HHgffUDAlk8qfOuVGkqRzgVymGe07xd00DMxs.AQubh4a", "1"),
    ("testuser338", "$2a$10$8.UnVuG9HHgffUDAlk8qfOuVGkqRzgVymGe07xd00DMxs.AQubh4a", "1"),
    ("testuser339", "$2a$10$8.UnVuG9HHgffUDAlk8qfOuVGkqRzgVymGe07xd00DMxs.AQubh4a", "1"),
    ("testuser340", "$2a$10$8.UnVuG9HHgffUDAlk8qfOuVGkqRzgVymGe07xd00DMxs.AQubh4a", "1"),
    ("testuser341", "$2a$10$8.UnVuG9HHgffUDAlk8qfOuVGkqRzgVymGe07xd00DMxs.AQubh4a", "1"),
    ("testuser342", "$2a$10$8.UnVuG9HHgffUDAlk8qfOuVGkqRzgVymGe07xd00DMxs.AQubh4a", "1"),
    ("testuser343", "$2a$10$8.UnVuG9HHgffUDAlk8qfOuVGkqRzgVymGe07xd00DMxs.AQubh4a", "1"),
    ("testuser344", "$2a$10$8.UnVuG9HHgffUDAlk8qfOuVGkqRzgVymGe07xd00DMxs.AQubh4a", "1"),
    ("testuser345", "$2a$10$8.UnVuG9HHgffUDAlk8qfOuVGkqRzgVymGe07xd00DMxs.AQubh4a", "1"),
    ("testuser346", "$2a$10$8.UnVuG9HHgffUDAlk8qfOuVGkqRzgVymGe07xd00DMxs.AQubh4a", "1"),
    ("testuser347", "$2a$10$8.UnVuG9HHgffUDAlk8qfOuVGkqRzgVymGe07xd00DMxs.AQubh4a", "1"),
    ("testuser348", "$2a$10$8.UnVuG9HHgffUDAlk8qfOuVGkqRzgVymGe07xd00DMxs.AQubh4a", "1"),
    ("testuser349", "$2a$10$8.UnVuG9HHgffUDAlk8qfOuVGkqRzgVymGe07xd00DMxs.AQubh4a", "1"),
    ("testuser350", "$2a$10$8.UnVuG9HHgffUDAlk8qfOuVGkqRzgVymGe07xd00DMxs.AQubh4a", "1"),
    ("testuser351", "$2a$10$8.UnVuG9HHgffUDAlk8qfOuVGkqRzgVymGe07xd00DMxs.AQubh4a", "1"),
    ("testuser352", "$2a$10$8.UnVuG9HHgffUDAlk8qfOuVGkqRzgVymGe07xd00DMxs.AQubh4a", "1"),
    ("testuser353", "$2a$10$8.UnVuG9HHgffUDAlk8qfOuVGkqRzgVymGe07xd00DMxs.AQubh4a", "1"),
    ("testuser354", "$2a$10$8.UnVuG9HHgffUDAlk8qfOuVGkqRzgVymGe07xd00DMxs.AQubh4a", "1"),
    ("testuser355", "$2a$10$8.UnVuG9HHgffUDAlk8qfOuVGkqRzgVymGe07xd00DMxs.AQubh4a", "1"),
    ("testuser356", "$2a$10$8.UnVuG9HHgffUDAlk8qfOuVGkqRzgVymGe07xd00DMxs.AQubh4a", "1"),
    ("testuser357", "$2a$10$8.UnVuG9HHgffUDAlk8qfOuVGkqRzgVymGe07xd00DMxs.AQubh4a", "1"),
    ("testuser358", "$2a$10$8.UnVuG9HHgffUDAlk8qfOuVGkqRzgVymGe07xd00DMxs.AQubh4a", "1"),
    ("testuser359", "$2a$10$8.UnVuG9HHgffUDAlk8qfOuVGkqRzgVymGe07xd00DMxs.AQubh4a", "1"),
    ("testuser360", "$2a$10$8.UnVuG9HHgffUDAlk8qfOuVGkqRzgVymGe07xd00DMxs.AQubh4a", "1"),
    ("testuser361", "$2a$10$8.UnVuG9HHgffUDAlk8qfOuVGkqRzgVymGe07xd00DMxs.AQubh4a", "1"),
    ("testuser362", "$2a$10$8.UnVuG9HHgffUDAlk8qfOuVGkqRzgVymGe07xd00DMxs.AQubh4a", "1"),
    ("testuser363", "$2a$10$8.UnVuG9HHgffUDAlk8qfOuVGkqRzgVymGe07xd00DMxs.AQubh4a", "1"),
    ("testuser364", "$2a$10$8.UnVuG9HHgffUDAlk8qfOuVGkqRzgVymGe07xd00DMxs.AQubh4a", "1"),
    ("testuser365", "$2a$10$8.UnVuG9HHgffUDAlk8qfOuVGkqRzgVymGe07xd00DMxs.AQubh4a", "1"),
    ("testuser366", "$2a$10$8.UnVuG9HHgffUDAlk8qfOuVGkqRzgVymGe07xd00DMxs.AQubh4a", "1"),
    ("testuser367", "$2a$10$8.UnVuG9HHgffUDAlk8qfOuVGkqRzgVymGe07xd00DMxs.AQubh4a", "1"),
    ("testuser368", "$2a$10$8.UnVuG9HHgffUDAlk8qfOuVGkqRzgVymGe07xd00DMxs.AQubh4a", "1"),
    ("testuser369", "$2a$10$8.UnVuG9HHgffUDAlk8qfOuVGkqRzgVymGe07xd00DMxs.AQubh4a", "1"),
    ("testuser370", "$2a$10$8.UnVuG9HHgffUDAlk8qfOuVGkqRzgVymGe07xd00DMxs.AQubh4a", "1"),
    ("testuser371", "$2a$10$8.UnVuG9HHgffUDAlk8qfOuVGkqRzgVymGe07xd00DMxs.AQubh4a", "1"),
    ("testuser372", "$2a$10$8.UnVuG9HHgffUDAlk8qfOuVGkqRzgVymGe07xd00DMxs.AQubh4a", "1"),
    ("testuser373", "$2a$10$8.UnVuG9HHgffUDAlk8qfOuVGkqRzgVymGe07xd00DMxs.AQubh4a", "1"),
    ("testuser374", "$2a$10$8.UnVuG9HHgffUDAlk8qfOuVGkqRzgVymGe07xd00DMxs.AQubh4a", "1"),
    ("testuser375", "$2a$10$8.UnVuG9HHgffUDAlk8qfOuVGkqRzgVymGe07xd00DMxs.AQubh4a", "1"),
    ("testuser376", "$2a$10$8.UnVuG9HHgffUDAlk8qfOuVGkqRzgVymGe07xd00DMxs.AQubh4a", "1"),
    ("testuser377", "$2a$10$8.UnVuG9HHgffUDAlk8qfOuVGkqRzgVymGe07xd00DMxs.AQubh4a", "1"),
    ("testuser378", "$2a$10$8.UnVuG9HHgffUDAlk8qfOuVGkqRzgVymGe07xd00DMxs.AQubh4a", "1"),
    ("testuser379", "$2a$10$8.UnVuG9HHgffUDAlk8qfOuVGkqRzgVymGe07xd00DMxs.AQubh4a", "1"),
    ("testuser380", "$2a$10$8.UnVuG9HHgffUDAlk8qfOuVGkqRzgVymGe07xd00DMxs.AQubh4a", "1"),
    ("testuser381", "$2a$10$8.UnVuG9HHgffUDAlk8qfOuVGkqRzgVymGe07xd00DMxs.AQubh4a", "1"),
    ("testuser382", "$2a$10$8.UnVuG9HHgffUDAlk8qfOuVGkqRzgVymGe07xd00DMxs.AQubh4a", "1"),
    ("testuser383", "$2a$10$8.UnVuG9HHgffUDAlk8qfOuVGkqRzgVymGe07xd00DMxs.AQubh4a", "1"),
    ("testuser384", "$2a$10$8.UnVuG9HHgffUDAlk8qfOuVGkqRzgVymGe07xd00DMxs.AQubh4a", "1"),
    ("testuser385", "$2a$10$8.UnVuG9HHgffUDAlk8qfOuVGkqRzgVymGe07xd00DMxs.AQubh4a", "1"),
    ("testuser386", "$2a$10$8.UnVuG9HHgffUDAlk8qfOuVGkqRzgVymGe07xd00DMxs.AQubh4a", "1"),
    ("testuser387", "$2a$10$8.UnVuG9HHgffUDAlk8qfOuVGkqRzgVymGe07xd00DMxs.AQubh4a", "1"),
    ("testuser388", "$2a$10$8.UnVuG9HHgffUDAlk8qfOuVGkqRzgVymGe07xd00DMxs.AQubh4a", "1"),
    ("testuser389", "$2a$10$8.UnVuG9HHgffUDAlk8qfOuVGkqRzgVymGe07xd00DMxs.AQubh4a", "1"),
    ("testuser390", "$2a$10$8.UnVuG9HHgffUDAlk8qfOuVGkqRzgVymGe07xd00DMxs.AQubh4a", "1"),
    ("testuser391", "$2a$10$8.UnVuG9HHgffUDAlk8qfOuVGkqRzgVymGe07xd00DMxs.AQubh4a", "1"),
    ("testuser392", "$2a$10$8.UnVuG9HHgffUDAlk8qfOuVGkqRzgVymGe07xd00DMxs.AQubh4a", "1"),
    ("testuser393", "$2a$10$8.UnVuG9HHgffUDAlk8qfOuVGkqRzgVymGe07xd00DMxs.AQubh4a", "1"),
    ("testuser394", "$2a$10$8.UnVuG9HHgffUDAlk8qfOuVGkqRzgVymGe07xd00DMxs.AQubh4a", "1"),
    ("testuser395", "$2a$10$8.UnVuG9HHgffUDAlk8qfOuVGkqRzgVymGe07xd00DMxs.AQubh4a", "1"),
    ("testuser396", "$2a$10$8.UnVuG9HHgffUDAlk8qfOuVGkqRzgVymGe07xd00DMxs.AQubh4a", "1"),
    ("testuser397", "$2a$10$8.UnVuG9HHgffUDAlk8qfOuVGkqRzgVymGe07xd00DMxs.AQubh4a", "1"),
    ("testuser398", "$2a$10$8.UnVuG9HHgffUDAlk8qfOuVGkqRzgVymGe07xd00DMxs.AQubh4a", "1"),
    ("testuser399", "$2a$10$8.UnVuG9HHgffUDAlk8qfOuVGkqRzgVymGe07xd00DMxs.AQubh4a", "1"),
    ("testuser400", "$2a$10$8.UnVuG9HHgffUDAlk8qfOuVGkqRzgVymGe07xd00DMxs.AQubh4a", "1"),
    ("testuser401", "$2a$10$8.UnVuG9HHgffUDAlk8qfOuVGkqRzgVymGe07xd00DMxs.AQubh4a", "1"),
    ("testuser402", "$2a$10$8.UnVuG9HHgffUDAlk8qfOuVGkqRzgVymGe07xd00DMxs.AQubh4a", "1"),
    ("testuser403", "$2a$10$8.UnVuG9HHgffUDAlk8qfOuVGkqRzgVymGe07xd00DMxs.AQubh4a", "1"),
    ("testuser404", "$2a$10$8.UnVuG9HHgffUDAlk8qfOuVGkqRzgVymGe07xd00DMxs.AQubh4a", "1"),
    ("testuser405", "$2a$10$8.UnVuG9HHgffUDAlk8qfOuVGkqRzgVymGe07xd00DMxs.AQubh4a", "1"),
    ("testuser406", "$2a$10$8.UnVuG9HHgffUDAlk8qfOuVGkqRzgVymGe07xd00DMxs.AQubh4a", "1"),
    ("testuser407", "$2a$10$8.UnVuG9HHgffUDAlk8qfOuVGkqRzgVymGe07xd00DMxs.AQubh4a", "1"),
    ("testuser408", "$2a$10$8.UnVuG9HHgffUDAlk8qfOuVGkqRzgVymGe07xd00DMxs.AQubh4a", "1"),
    ("testuser409", "$2a$10$8.UnVuG9HHgffUDAlk8qfOuVGkqRzgVymGe07xd00DMxs.AQubh4a", "1"),
    ("testuser410", "$2a$10$8.UnVuG9HHgffUDAlk8qfOuVGkqRzgVymGe07xd00DMxs.AQubh4a", "1"),
    ("testuser411", "$2a$10$8.UnVuG9HHgffUDAlk8qfOuVGkqRzgVymGe07xd00DMxs.AQubh4a", "1"),
    ("testuser412", "$2a$10$8.UnVuG9HHgffUDAlk8qfOuVGkqRzgVymGe07xd00DMxs.AQubh4a", "1"),
    ("testuser413", "$2a$10$8.UnVuG9HHgffUDAlk8qfOuVGkqRzgVymGe07xd00DMxs.AQubh4a", "1"),
    ("testuser414", "$2a$10$8.UnVuG9HHgffUDAlk8qfOuVGkqRzgVymGe07xd00DMxs.AQubh4a", "1"),
    ("testuser415", "$2a$10$8.UnVuG9HHgffUDAlk8qfOuVGkqRzgVymGe07xd00DMxs.AQubh4a", "1"),
    ("testuser416", "$2a$10$8.UnVuG9HHgffUDAlk8qfOuVGkqRzgVymGe07xd00DMxs.AQubh4a", "1"),
    ("testuser417", "$2a$10$8.UnVuG9HHgffUDAlk8qfOuVGkqRzgVymGe07xd00DMxs.AQubh4a", "1"),
    ("testuser418", "$2a$10$8.UnVuG9HHgffUDAlk8qfOuVGkqRzgVymGe07xd00DMxs.AQubh4a", "1"),
    ("testuser419", "$2a$10$8.UnVuG9HHgffUDAlk8qfOuVGkqRzgVymGe07xd00DMxs.AQubh4a", "1"),
    ("testuser420", "$2a$10$8.UnVuG9HHgffUDAlk8qfOuVGkqRzgVymGe07xd00DMxs.AQubh4a", "1"),
    ("testuser421", "$2a$10$8.UnVuG9HHgffUDAlk8qfOuVGkqRzgVymGe07xd00DMxs.AQubh4a", "1"),
    ("testuser422", "$2a$10$8.UnVuG9HHgffUDAlk8qfOuVGkqRzgVymGe07xd00DMxs.AQubh4a", "1"),
    ("testuser423", "$2a$10$8.UnVuG9HHgffUDAlk8qfOuVGkqRzgVymGe07xd00DMxs.AQubh4a", "1"),
    ("testuser424", "$2a$10$8.UnVuG9HHgffUDAlk8qfOuVGkqRzgVymGe07xd00DMxs.AQubh4a", "1"),
    ("testuser425", "$2a$10$8.UnVuG9HHgffUDAlk8qfOuVGkqRzgVymGe07xd00DMxs.AQubh4a", "1"),
    ("testuser426", "$2a$10$8.UnVuG9HHgffUDAlk8qfOuVGkqRzgVymGe07xd00DMxs.AQubh4a", "1"),
    ("testuser427", "$2a$10$8.UnVuG9HHgffUDAlk8qfOuVGkqRzgVymGe07xd00DMxs.AQubh4a", "1"),
    ("testuser428", "$2a$10$8.UnVuG9HHgffUDAlk8qfOuVGkqRzgVymGe07xd00DMxs.AQubh4a", "1"),
    ("testuser429", "$2a$10$8.UnVuG9HHgffUDAlk8qfOuVGkqRzgVymGe07xd00DMxs.AQubh4a", "1"),
    ("testuser430", "$2a$10$8.UnVuG9HHgffUDAlk8qfOuVGkqRzgVymGe07xd00DMxs.AQubh4a", "1"),
    ("testuser431", "$2a$10$8.UnVuG9HHgffUDAlk8qfOuVGkqRzgVymGe07xd00DMxs.AQubh4a", "1"),
    ("testuser432", "$2a$10$8.UnVuG9HHgffUDAlk8qfOuVGkqRzgVymGe07xd00DMxs.AQubh4a", "1"),
    ("testuser433", "$2a$10$8.UnVuG9HHgffUDAlk8qfOuVGkqRzgVymGe07xd00DMxs.AQubh4a", "1"),
    ("testuser434", "$2a$10$8.UnVuG9HHgffUDAlk8qfOuVGkqRzgVymGe07xd00DMxs.AQubh4a", "1"),
    ("testuser435", "$2a$10$8.UnVuG9HHgffUDAlk8qfOuVGkqRzgVymGe07xd00DMxs.AQubh4a", "1"),
    ("testuser436", "$2a$10$8.UnVuG9HHgffUDAlk8qfOuVGkqRzgVymGe07xd00DMxs.AQubh4a", "1"),
    ("testuser437", "$2a$10$8.UnVuG9HHgffUDAlk8qfOuVGkqRzgVymGe07xd00DMxs.AQubh4a", "1"),
    ("testuser438", "$2a$10$8.UnVuG9HHgffUDAlk8qfOuVGkqRzgVymGe07xd00DMxs.AQubh4a", "1"),
    ("testuser439", "$2a$10$8.UnVuG9HHgffUDAlk8qfOuVGkqRzgVymGe07xd00DMxs.AQubh4a", "1"),
    ("testuser440", "$2a$10$8.UnVuG9HHgffUDAlk8qfOuVGkqRzgVymGe07xd00DMxs.AQubh4a", "1"),
    ("testuser441", "$2a$10$8.UnVuG9HHgffUDAlk8qfOuVGkqRzgVymGe07xd00DMxs.AQubh4a", "1"),
    ("testuser442", "$2a$10$8.UnVuG9HHgffUDAlk8qfOuVGkqRzgVymGe07xd00DMxs.AQubh4a", "1"),
    ("testuser443", "$2a$10$8.UnVuG9HHgffUDAlk8qfOuVGkqRzgVymGe07xd00DMxs.AQubh4a", "1"),
    ("testuser444", "$2a$10$8.UnVuG9HHgffUDAlk8qfOuVGkqRzgVymGe07xd00DMxs.AQubh4a", "1"),
    ("testuser445", "$2a$10$8.UnVuG9HHgffUDAlk8qfOuVGkqRzgVymGe07xd00DMxs.AQubh4a", "1"),
    ("testuser446", "$2a$10$8.UnVuG9HHgffUDAlk8qfOuVGkqRzgVymGe07xd00DMxs.AQubh4a", "1"),
    ("testuser447", "$2a$10$8.UnVuG9HHgffUDAlk8qfOuVGkqRzgVymGe07xd00DMxs.AQubh4a", "1"),
    ("testuser448", "$2a$10$8.UnVuG9HHgffUDAlk8qfOuVGkqRzgVymGe07xd00DMxs.AQubh4a", "1"),
    ("testuser449", "$2a$10$8.UnVuG9HHgffUDAlk8qfOuVGkqRzgVymGe07xd00DMxs.AQubh4a", "1"),
    ("testuser450", "$2a$10$8.UnVuG9HHgffUDAlk8qfOuVGkqRzgVymGe07xd00DMxs.AQubh4a", "1"),
    ("testuser451", "$2a$10$8.UnVuG9HHgffUDAlk8qfOuVGkqRzgVymGe07xd00DMxs.AQubh4a", "1"),
    ("testuser452", "$2a$10$8.UnVuG9HHgffUDAlk8qfOuVGkqRzgVymGe07xd00DMxs.AQubh4a", "1"),
    ("testuser453", "$2a$10$8.UnVuG9HHgffUDAlk8qfOuVGkqRzgVymGe07xd00DMxs.AQubh4a", "1"),
    ("testuser454", "$2a$10$8.UnVuG9HHgffUDAlk8qfOuVGkqRzgVymGe07xd00DMxs.AQubh4a", "1"),
    ("testuser455", "$2a$10$8.UnVuG9HHgffUDAlk8qfOuVGkqRzgVymGe07xd00DMxs.AQubh4a", "1"),
    ("testuser456", "$2a$10$8.UnVuG9HHgffUDAlk8qfOuVGkqRzgVymGe07xd00DMxs.AQubh4a", "1"),
    ("testuser457", "$2a$10$8.UnVuG9HHgffUDAlk8qfOuVGkqRzgVymGe07xd00DMxs.AQubh4a", "1"),
    ("testuser458", "$2a$10$8.UnVuG9HHgffUDAlk8qfOuVGkqRzgVymGe07xd00DMxs.AQubh4a", "1"),
    ("testuser459", "$2a$10$8.UnVuG9HHgffUDAlk8qfOuVGkqRzgVymGe07xd00DMxs.AQubh4a", "1"),
    ("testuser460", "$2a$10$8.UnVuG9HHgffUDAlk8qfOuVGkqRzgVymGe07xd00DMxs.AQubh4a", "1"),
    ("testuser461", "$2a$10$8.UnVuG9HHgffUDAlk8qfOuVGkqRzgVymGe07xd00DMxs.AQubh4a", "1"),
    ("testuser462", "$2a$10$8.UnVuG9HHgffUDAlk8qfOuVGkqRzgVymGe07xd00DMxs.AQubh4a", "1"),
    ("testuser463", "$2a$10$8.UnVuG9HHgffUDAlk8qfOuVGkqRzgVymGe07xd00DMxs.AQubh4a", "1"),
    ("testuser464", "$2a$10$8.UnVuG9HHgffUDAlk8qfOuVGkqRzgVymGe07xd00DMxs.AQubh4a", "1"),
    ("testuser465", "$2a$10$8.UnVuG9HHgffUDAlk8qfOuVGkqRzgVymGe07xd00DMxs.AQubh4a", "1"),
    ("testuser466", "$2a$10$8.UnVuG9HHgffUDAlk8qfOuVGkqRzgVymGe07xd00DMxs.AQubh4a", "1"),
    ("testuser467", "$2a$10$8.UnVuG9HHgffUDAlk8qfOuVGkqRzgVymGe07xd00DMxs.AQubh4a", "1"),
    ("testuser468", "$2a$10$8.UnVuG9HHgffUDAlk8qfOuVGkqRzgVymGe07xd00DMxs.AQubh4a", "1"),
    ("testuser469", "$2a$10$8.UnVuG9HHgffUDAlk8qfOuVGkqRzgVymGe07xd00DMxs.AQubh4a", "1"),
    ("testuser470", "$2a$10$8.UnVuG9HHgffUDAlk8qfOuVGkqRzgVymGe07xd00DMxs.AQubh4a", "1"),
    ("testuser471", "$2a$10$8.UnVuG9HHgffUDAlk8qfOuVGkqRzgVymGe07xd00DMxs.AQubh4a", "1"),
    ("testuser472", "$2a$10$8.UnVuG9HHgffUDAlk8qfOuVGkqRzgVymGe07xd00DMxs.AQubh4a", "1"),
    ("testuser473", "$2a$10$8.UnVuG9HHgffUDAlk8qfOuVGkqRzgVymGe07xd00DMxs.AQubh4a", "1"),
    ("testuser474", "$2a$10$8.UnVuG9HHgffUDAlk8qfOuVGkqRzgVymGe07xd00DMxs.AQubh4a", "1"),
    ("testuser475", "$2a$10$8.UnVuG9HHgffUDAlk8qfOuVGkqRzgVymGe07xd00DMxs.AQubh4a", "1"),
    ("testuser476", "$2a$10$8.UnVuG9HHgffUDAlk8qfOuVGkqRzgVymGe07xd00DMxs.AQubh4a", "1"),
    ("testuser477", "$2a$10$8.UnVuG9HHgffUDAlk8qfOuVGkqRzgVymGe07xd00DMxs.AQubh4a", "1"),
    ("testuser478", "$2a$10$8.UnVuG9HHgffUDAlk8qfOuVGkqRzgVymGe07xd00DMxs.AQubh4a", "1"),
    ("testuser479", "$2a$10$8.UnVuG9HHgffUDAlk8qfOuVGkqRzgVymGe07xd00DMxs.AQubh4a", "1"),
    ("testuser480", "$2a$10$8.UnVuG9HHgffUDAlk8qfOuVGkqRzgVymGe07xd00DMxs.AQubh4a", "1"),
    ("testuser481", "$2a$10$8.UnVuG9HHgffUDAlk8qfOuVGkqRzgVymGe07xd00DMxs.AQubh4a", "1"),
    ("testuser482", "$2a$10$8.UnVuG9HHgffUDAlk8qfOuVGkqRzgVymGe07xd00DMxs.AQubh4a", "1"),
    ("testuser483", "$2a$10$8.UnVuG9HHgffUDAlk8qfOuVGkqRzgVymGe07xd00DMxs.AQubh4a", "1"),
    ("testuser484", "$2a$10$8.UnVuG9HHgffUDAlk8qfOuVGkqRzgVymGe07xd00DMxs.AQubh4a", "1"),
    ("testuser485", "$2a$10$8.UnVuG9HHgffUDAlk8qfOuVGkqRzgVymGe07xd00DMxs.AQubh4a", "1"),
    ("testuser486", "$2a$10$8.UnVuG9HHgffUDAlk8qfOuVGkqRzgVymGe07xd00DMxs.AQubh4a", "1"),
    ("testuser487", "$2a$10$8.UnVuG9HHgffUDAlk8qfOuVGkqRzgVymGe07xd00DMxs.AQubh4a", "1"),
    ("testuser488", "$2a$10$8.UnVuG9HHgffUDAlk8qfOuVGkqRzgVymGe07xd00DMxs.AQubh4a", "1"),
    ("testuser489", "$2a$10$8.UnVuG9HHgffUDAlk8qfOuVGkqRzgVymGe07xd00DMxs.AQubh4a", "1"),
    ("testuser490", "$2a$10$8.UnVuG9HHgffUDAlk8qfOuVGkqRzgVymGe07xd00DMxs.AQubh4a", "1"),
    ("testuser491", "$2a$10$8.UnVuG9HHgffUDAlk8qfOuVGkqRzgVymGe07xd00DMxs.AQubh4a", "1"),
    ("testuser492", "$2a$10$8.UnVuG9HHgffUDAlk8qfOuVGkqRzgVymGe07xd00DMxs.AQubh4a", "1"),
    ("testuser493", "$2a$10$8.UnVuG9HHgffUDAlk8qfOuVGkqRzgVymGe07xd00DMxs.AQubh4a", "1"),
    ("testuser494", "$2a$10$8.UnVuG9HHgffUDAlk8qfOuVGkqRzgVymGe07xd00DMxs.AQubh4a", "1"),
    ("testuser495", "$2a$10$8.UnVuG9HHgffUDAlk8qfOuVGkqRzgVymGe07xd00DMxs.AQubh4a", "1"),
    ("testuser496", "$2a$10$8.UnVuG9HHgffUDAlk8qfOuVGkqRzgVymGe07xd00DMxs.AQubh4a", "1"),
    ("testuser497", "$2a$10$8.UnVuG9HHgffUDAlk8qfOuVGkqRzgVymGe07xd00DMxs.AQubh4a", "1"),
    ("testuser498", "$2a$10$8.UnVuG9HHgffUDAlk8qfOuVGkqRzgVymGe07xd00DMxs.AQubh4a", "1"),
    ("testuser499", "$2a$10$8.UnVuG9HHgffUDAlk8qfOuVGkqRzgVymGe07xd00DMxs.AQubh4a", "1"),
    ("testuser500", "$2a$10$8.UnVuG9HHgffUDAlk8qfOuVGkqRzgVymGe07xd00DMxs.AQubh4a", "1");


INSERT INTO authorities (username, authority) values
    ("testuser1",	"ROLE_USER"),
    ("testuser2",	"ROLE_USER"),
    ("testuser3",	"ROLE_USER"),
    ("testuser4",	"ROLE_USER"),
    ("testuser5",	"ROLE_USER"),
    ("testuser6",	"ROLE_USER"),
    ("testuser7",	"ROLE_USER"),
    ("testuser8",	"ROLE_USER"),
    ("testuser9",	"ROLE_USER"),
    ("testuser10",	"ROLE_USER"),
    ("testuser11",	"ROLE_USER"),
    ("testuser12",	"ROLE_USER"),
    ("testuser13",	"ROLE_USER"),
    ("testuser14",	"ROLE_USER"),
    ("testuser15",	"ROLE_USER"),
    ("testuser16",	"ROLE_USER"),
    ("testuser17",	"ROLE_USER"),
    ("testuser18",	"ROLE_USER"),
    ("testuser19",	"ROLE_USER"),
    ("testuser20",	"ROLE_USER"),
    ("testuser21",	"ROLE_USER"),
    ("testuser22",	"ROLE_USER"),
    ("testuser23",	"ROLE_USER"),
    ("testuser24",	"ROLE_USER"),
    ("testuser25",	"ROLE_USER"),
    ("testuser26",	"ROLE_USER"),
    ("testuser27",	"ROLE_USER"),
    ("testuser28",	"ROLE_USER"),
    ("testuser29",	"ROLE_USER"),
    ("testuser30",	"ROLE_USER"),
    ("testuser31",	"ROLE_USER"),
    ("testuser32",	"ROLE_USER"),
    ("testuser33",	"ROLE_USER"),
    ("testuser34",	"ROLE_USER"),
    ("testuser35",	"ROLE_USER"),
    ("testuser36",	"ROLE_USER"),
    ("testuser37",	"ROLE_USER"),
    ("testuser38",	"ROLE_USER"),
    ("testuser39",	"ROLE_USER"),
    ("testuser40",	"ROLE_USER"),
    ("testuser41",	"ROLE_USER"),
    ("testuser42",	"ROLE_USER"),
    ("testuser43",	"ROLE_USER"),
    ("testuser44",	"ROLE_USER"),
    ("testuser45",	"ROLE_USER"),
    ("testuser46",	"ROLE_USER"),
    ("testuser47",	"ROLE_USER"),
    ("testuser48",	"ROLE_USER"),
    ("testuser49",	"ROLE_USER"),
    ("testuser50",	"ROLE_USER"),
    ("testuser51",	"ROLE_USER"),
    ("testuser52",	"ROLE_USER"),
    ("testuser53",	"ROLE_USER"),
    ("testuser54",	"ROLE_USER"),
    ("testuser55",	"ROLE_USER"),
    ("testuser56",	"ROLE_USER"),
    ("testuser57",	"ROLE_USER"),
    ("testuser58",	"ROLE_USER"),
    ("testuser59",	"ROLE_USER"),
    ("testuser60",	"ROLE_USER"),
    ("testuser61",	"ROLE_USER"),
    ("testuser62",	"ROLE_USER"),
    ("testuser63",	"ROLE_USER"),
    ("testuser64",	"ROLE_USER"),
    ("testuser65",	"ROLE_USER"),
    ("testuser66",	"ROLE_USER"),
    ("testuser67",	"ROLE_USER"),
    ("testuser68",	"ROLE_USER"),
    ("testuser69",	"ROLE_USER"),
    ("testuser70",	"ROLE_USER"),
    ("testuser71",	"ROLE_USER"),
    ("testuser72",	"ROLE_USER"),
    ("testuser73",	"ROLE_USER"),
    ("testuser74",	"ROLE_USER"),
    ("testuser75",	"ROLE_USER"),
    ("testuser76",	"ROLE_USER"),
    ("testuser77",	"ROLE_USER"),
    ("testuser78",	"ROLE_USER"),
    ("testuser79",	"ROLE_USER"),
    ("testuser80",	"ROLE_USER"),
    ("testuser81",	"ROLE_USER"),
    ("testuser82",	"ROLE_USER"),
    ("testuser83",	"ROLE_USER"),
    ("testuser84",	"ROLE_USER"),
    ("testuser85",	"ROLE_USER"),
    ("testuser86",	"ROLE_USER"),
    ("testuser87",	"ROLE_USER"),
    ("testuser88",	"ROLE_USER"),
    ("testuser89",	"ROLE_USER"),
    ("testuser90",	"ROLE_USER"),
    ("testuser91",	"ROLE_USER"),
    ("testuser92",	"ROLE_USER"),
    ("testuser93",	"ROLE_USER"),
    ("testuser94",	"ROLE_USER"),
    ("testuser95",	"ROLE_USER"),
    ("testuser96",	"ROLE_USER"),
    ("testuser97",	"ROLE_USER"),
    ("testuser98",	"ROLE_USER"),
    ("testuser99",	"ROLE_USER"),
    ("testuser100",	"ROLE_USER"),
    ("testuser101",	"ROLE_USER"),
    ("testuser102",	"ROLE_USER"),
    ("testuser103",	"ROLE_USER"),
    ("testuser104",	"ROLE_USER"),
    ("testuser105",	"ROLE_USER"),
    ("testuser106",	"ROLE_USER"),
    ("testuser107",	"ROLE_USER"),
    ("testuser108",	"ROLE_USER"),
    ("testuser109",	"ROLE_USER"),
    ("testuser110",	"ROLE_USER"),
    ("testuser111",	"ROLE_USER"),
    ("testuser112",	"ROLE_USER"),
    ("testuser113",	"ROLE_USER"),
    ("testuser114",	"ROLE_USER"),
    ("testuser115",	"ROLE_USER"),
    ("testuser116",	"ROLE_USER"),
    ("testuser117",	"ROLE_USER"),
    ("testuser118",	"ROLE_USER"),
    ("testuser119",	"ROLE_USER"),
    ("testuser120",	"ROLE_USER"),
    ("testuser121",	"ROLE_USER"),
    ("testuser122",	"ROLE_USER"),
    ("testuser123",	"ROLE_USER"),
    ("testuser124",	"ROLE_USER"),
    ("testuser125",	"ROLE_USER"),
    ("testuser126",	"ROLE_USER"),
    ("testuser127",	"ROLE_USER"),
    ("testuser128",	"ROLE_USER"),
    ("testuser129",	"ROLE_USER"),
    ("testuser130",	"ROLE_USER"),
    ("testuser131",	"ROLE_USER"),
    ("testuser132",	"ROLE_USER"),
    ("testuser133",	"ROLE_USER"),
    ("testuser134",	"ROLE_USER"),
    ("testuser135",	"ROLE_USER"),
    ("testuser136",	"ROLE_USER"),
    ("testuser137",	"ROLE_USER"),
    ("testuser138",	"ROLE_USER"),
    ("testuser139",	"ROLE_USER"),
    ("testuser140",	"ROLE_USER"),
    ("testuser141",	"ROLE_USER"),
    ("testuser142",	"ROLE_USER"),
    ("testuser143",	"ROLE_USER"),
    ("testuser144",	"ROLE_USER"),
    ("testuser145",	"ROLE_USER"),
    ("testuser146",	"ROLE_USER"),
    ("testuser147",	"ROLE_USER"),
    ("testuser148",	"ROLE_USER"),
    ("testuser149",	"ROLE_USER"),
    ("testuser150",	"ROLE_USER"),
    ("testuser151",	"ROLE_USER"),
    ("testuser152",	"ROLE_USER"),
    ("testuser153",	"ROLE_USER"),
    ("testuser154",	"ROLE_USER"),
    ("testuser155",	"ROLE_USER"),
    ("testuser156",	"ROLE_USER"),
    ("testuser157",	"ROLE_USER"),
    ("testuser158",	"ROLE_USER"),
    ("testuser159",	"ROLE_USER"),
    ("testuser160",	"ROLE_USER"),
    ("testuser161",	"ROLE_USER"),
    ("testuser162",	"ROLE_USER"),
    ("testuser163",	"ROLE_USER"),
    ("testuser164",	"ROLE_USER"),
    ("testuser165",	"ROLE_USER"),
    ("testuser166",	"ROLE_USER"),
    ("testuser167",	"ROLE_USER"),
    ("testuser168",	"ROLE_USER"),
    ("testuser169",	"ROLE_USER"),
    ("testuser170",	"ROLE_USER"),
    ("testuser171",	"ROLE_USER"),
    ("testuser172",	"ROLE_USER"),
    ("testuser173",	"ROLE_USER"),
    ("testuser174",	"ROLE_USER"),
    ("testuser175",	"ROLE_USER"),
    ("testuser176",	"ROLE_USER"),
    ("testuser177",	"ROLE_USER"),
    ("testuser178",	"ROLE_USER"),
    ("testuser179",	"ROLE_USER"),
    ("testuser180",	"ROLE_USER"),
    ("testuser181",	"ROLE_USER"),
    ("testuser182",	"ROLE_USER"),
    ("testuser183",	"ROLE_USER"),
    ("testuser184",	"ROLE_USER"),
    ("testuser185",	"ROLE_USER"),
    ("testuser186",	"ROLE_USER"),
    ("testuser187",	"ROLE_USER"),
    ("testuser188",	"ROLE_USER"),
    ("testuser189",	"ROLE_USER"),
    ("testuser190",	"ROLE_USER"),
    ("testuser191",	"ROLE_USER"),
    ("testuser192",	"ROLE_USER"),
    ("testuser193",	"ROLE_USER"),
    ("testuser194",	"ROLE_USER"),
    ("testuser195",	"ROLE_USER"),
    ("testuser196",	"ROLE_USER"),
    ("testuser197",	"ROLE_USER"),
    ("testuser198",	"ROLE_USER"),
    ("testuser199",	"ROLE_USER"),
    ("testuser200",	"ROLE_USER"),
    ("testuser201",	"ROLE_USER"),
    ("testuser202",	"ROLE_USER"),
    ("testuser203",	"ROLE_USER"),
    ("testuser204",	"ROLE_USER"),
    ("testuser205",	"ROLE_USER"),
    ("testuser206",	"ROLE_USER"),
    ("testuser207",	"ROLE_USER"),
    ("testuser208",	"ROLE_USER"),
    ("testuser209",	"ROLE_USER"),
    ("testuser210",	"ROLE_USER"),
    ("testuser211",	"ROLE_USER"),
    ("testuser212",	"ROLE_USER"),
    ("testuser213",	"ROLE_USER"),
    ("testuser214",	"ROLE_USER"),
    ("testuser215",	"ROLE_USER"),
    ("testuser216",	"ROLE_USER"),
    ("testuser217",	"ROLE_USER"),
    ("testuser218",	"ROLE_USER"),
    ("testuser219",	"ROLE_USER"),
    ("testuser220",	"ROLE_USER"),
    ("testuser221",	"ROLE_USER"),
    ("testuser222",	"ROLE_USER"),
    ("testuser223",	"ROLE_USER"),
    ("testuser224",	"ROLE_USER"),
    ("testuser225",	"ROLE_USER"),
    ("testuser226",	"ROLE_USER"),
    ("testuser227",	"ROLE_USER"),
    ("testuser228",	"ROLE_USER"),
    ("testuser229",	"ROLE_USER"),
    ("testuser230",	"ROLE_USER"),
    ("testuser231",	"ROLE_USER"),
    ("testuser232",	"ROLE_USER"),
    ("testuser233",	"ROLE_USER"),
    ("testuser234",	"ROLE_USER"),
    ("testuser235",	"ROLE_USER"),
    ("testuser236",	"ROLE_USER"),
    ("testuser237",	"ROLE_USER"),
    ("testuser238",	"ROLE_USER"),
    ("testuser239",	"ROLE_USER"),
    ("testuser240",	"ROLE_USER"),
    ("testuser241",	"ROLE_USER"),
    ("testuser242",	"ROLE_USER"),
    ("testuser243",	"ROLE_USER"),
    ("testuser244",	"ROLE_USER"),
    ("testuser245",	"ROLE_USER"),
    ("testuser246",	"ROLE_USER"),
    ("testuser247",	"ROLE_USER"),
    ("testuser248",	"ROLE_USER"),
    ("testuser249",	"ROLE_USER"),
    ("testuser250",	"ROLE_USER"),
    ("testuser251",	"ROLE_USER"),
    ("testuser252",	"ROLE_USER"),
    ("testuser253",	"ROLE_USER"),
    ("testuser254",	"ROLE_USER"),
    ("testuser255",	"ROLE_USER"),
    ("testuser256",	"ROLE_USER"),
    ("testuser257",	"ROLE_USER"),
    ("testuser258",	"ROLE_USER"),
    ("testuser259",	"ROLE_USER"),
    ("testuser260",	"ROLE_USER"),
    ("testuser261",	"ROLE_USER"),
    ("testuser262",	"ROLE_USER"),
    ("testuser263",	"ROLE_USER"),
    ("testuser264",	"ROLE_USER"),
    ("testuser265",	"ROLE_USER"),
    ("testuser266",	"ROLE_USER"),
    ("testuser267",	"ROLE_USER"),
    ("testuser268",	"ROLE_USER"),
    ("testuser269",	"ROLE_USER"),
    ("testuser270",	"ROLE_USER"),
    ("testuser271",	"ROLE_USER"),
    ("testuser272",	"ROLE_USER"),
    ("testuser273",	"ROLE_USER"),
    ("testuser274",	"ROLE_USER"),
    ("testuser275",	"ROLE_USER"),
    ("testuser276",	"ROLE_USER"),
    ("testuser277",	"ROLE_USER"),
    ("testuser278",	"ROLE_USER"),
    ("testuser279",	"ROLE_USER"),
    ("testuser280",	"ROLE_USER"),
    ("testuser281",	"ROLE_USER"),
    ("testuser282",	"ROLE_USER"),
    ("testuser283",	"ROLE_USER"),
    ("testuser284",	"ROLE_USER"),
    ("testuser285",	"ROLE_USER"),
    ("testuser286",	"ROLE_USER"),
    ("testuser287",	"ROLE_USER"),
    ("testuser288",	"ROLE_USER"),
    ("testuser289",	"ROLE_USER"),
    ("testuser290",	"ROLE_USER"),
    ("testuser291",	"ROLE_USER"),
    ("testuser292",	"ROLE_USER"),
    ("testuser293",	"ROLE_USER"),
    ("testuser294",	"ROLE_USER"),
    ("testuser295",	"ROLE_USER"),
    ("testuser296",	"ROLE_USER"),
    ("testuser297",	"ROLE_USER"),
    ("testuser298",	"ROLE_USER"),
    ("testuser299",	"ROLE_USER"),
    ("testuser300",	"ROLE_USER"),
    ("testuser301",	"ROLE_USER"),
    ("testuser302",	"ROLE_USER"),
    ("testuser303",	"ROLE_USER"),
    ("testuser304",	"ROLE_USER"),
    ("testuser305",	"ROLE_USER"),
    ("testuser306",	"ROLE_USER"),
    ("testuser307",	"ROLE_USER"),
    ("testuser308",	"ROLE_USER"),
    ("testuser309",	"ROLE_USER"),
    ("testuser310",	"ROLE_USER"),
    ("testuser311",	"ROLE_USER"),
    ("testuser312",	"ROLE_USER"),
    ("testuser313",	"ROLE_USER"),
    ("testuser314",	"ROLE_USER"),
    ("testuser315",	"ROLE_USER"),
    ("testuser316",	"ROLE_USER"),
    ("testuser317",	"ROLE_USER"),
    ("testuser318",	"ROLE_USER"),
    ("testuser319",	"ROLE_USER"),
    ("testuser320",	"ROLE_USER"),
    ("testuser321",	"ROLE_USER"),
    ("testuser322",	"ROLE_USER"),
    ("testuser323",	"ROLE_USER"),
    ("testuser324",	"ROLE_USER"),
    ("testuser325",	"ROLE_USER"),
    ("testuser326",	"ROLE_USER"),
    ("testuser327",	"ROLE_USER"),
    ("testuser328",	"ROLE_USER"),
    ("testuser329",	"ROLE_USER"),
    ("testuser330",	"ROLE_USER"),
    ("testuser331",	"ROLE_USER"),
    ("testuser332",	"ROLE_USER"),
    ("testuser333",	"ROLE_USER"),
    ("testuser334",	"ROLE_USER"),
    ("testuser335",	"ROLE_USER"),
    ("testuser336",	"ROLE_USER"),
    ("testuser337",	"ROLE_USER"),
    ("testuser338",	"ROLE_USER"),
    ("testuser339",	"ROLE_USER"),
    ("testuser340",	"ROLE_USER"),
    ("testuser341",	"ROLE_USER"),
    ("testuser342",	"ROLE_USER"),
    ("testuser343",	"ROLE_USER"),
    ("testuser344",	"ROLE_USER"),
    ("testuser345",	"ROLE_USER"),
    ("testuser346",	"ROLE_USER"),
    ("testuser347",	"ROLE_USER"),
    ("testuser348",	"ROLE_USER"),
    ("testuser349",	"ROLE_USER"),
    ("testuser350",	"ROLE_USER"),
    ("testuser351",	"ROLE_USER"),
    ("testuser352",	"ROLE_USER"),
    ("testuser353",	"ROLE_USER"),
    ("testuser354",	"ROLE_USER"),
    ("testuser355",	"ROLE_USER"),
    ("testuser356",	"ROLE_USER"),
    ("testuser357",	"ROLE_USER"),
    ("testuser358",	"ROLE_USER"),
    ("testuser359",	"ROLE_USER"),
    ("testuser360",	"ROLE_USER"),
    ("testuser361",	"ROLE_USER"),
    ("testuser362",	"ROLE_USER"),
    ("testuser363",	"ROLE_USER"),
    ("testuser364",	"ROLE_USER"),
    ("testuser365",	"ROLE_USER"),
    ("testuser366",	"ROLE_USER"),
    ("testuser367",	"ROLE_USER"),
    ("testuser368",	"ROLE_USER"),
    ("testuser369",	"ROLE_USER"),
    ("testuser370",	"ROLE_USER"),
    ("testuser371",	"ROLE_USER"),
    ("testuser372",	"ROLE_USER"),
    ("testuser373",	"ROLE_USER"),
    ("testuser374",	"ROLE_USER"),
    ("testuser375",	"ROLE_USER"),
    ("testuser376",	"ROLE_USER"),
    ("testuser377",	"ROLE_USER"),
    ("testuser378",	"ROLE_USER"),
    ("testuser379",	"ROLE_USER"),
    ("testuser380",	"ROLE_USER"),
    ("testuser381",	"ROLE_USER"),
    ("testuser382",	"ROLE_USER"),
    ("testuser383",	"ROLE_USER"),
    ("testuser384",	"ROLE_USER"),
    ("testuser385",	"ROLE_USER"),
    ("testuser386",	"ROLE_USER"),
    ("testuser387",	"ROLE_USER"),
    ("testuser388",	"ROLE_USER"),
    ("testuser389",	"ROLE_USER"),
    ("testuser390",	"ROLE_USER"),
    ("testuser391",	"ROLE_USER"),
    ("testuser392",	"ROLE_USER"),
    ("testuser393",	"ROLE_USER"),
    ("testuser394",	"ROLE_USER"),
    ("testuser395",	"ROLE_USER"),
    ("testuser396",	"ROLE_USER"),
    ("testuser397",	"ROLE_USER"),
    ("testuser398",	"ROLE_USER"),
    ("testuser399",	"ROLE_USER"),
    ("testuser400",	"ROLE_USER"),
    ("testuser401",	"ROLE_USER"),
    ("testuser402",	"ROLE_USER"),
    ("testuser403",	"ROLE_USER"),
    ("testuser404",	"ROLE_USER"),
    ("testuser405",	"ROLE_USER"),
    ("testuser406",	"ROLE_USER"),
    ("testuser407",	"ROLE_USER"),
    ("testuser408",	"ROLE_USER"),
    ("testuser409",	"ROLE_USER"),
    ("testuser410",	"ROLE_USER"),
    ("testuser411",	"ROLE_USER"),
    ("testuser412",	"ROLE_USER"),
    ("testuser413",	"ROLE_USER"),
    ("testuser414",	"ROLE_USER"),
    ("testuser415",	"ROLE_USER"),
    ("testuser416",	"ROLE_USER"),
    ("testuser417",	"ROLE_USER"),
    ("testuser418",	"ROLE_USER"),
    ("testuser419",	"ROLE_USER"),
    ("testuser420",	"ROLE_USER"),
    ("testuser421",	"ROLE_USER"),
    ("testuser422",	"ROLE_USER"),
    ("testuser423",	"ROLE_USER"),
    ("testuser424",	"ROLE_USER"),
    ("testuser425",	"ROLE_USER"),
    ("testuser426",	"ROLE_USER"),
    ("testuser427",	"ROLE_USER"),
    ("testuser428",	"ROLE_USER"),
    ("testuser429",	"ROLE_USER"),
    ("testuser430",	"ROLE_USER"),
    ("testuser431",	"ROLE_USER"),
    ("testuser432",	"ROLE_USER"),
    ("testuser433",	"ROLE_USER"),
    ("testuser434",	"ROLE_USER"),
    ("testuser435",	"ROLE_USER"),
    ("testuser436",	"ROLE_USER"),
    ("testuser437",	"ROLE_USER"),
    ("testuser438",	"ROLE_USER"),
    ("testuser439",	"ROLE_USER"),
    ("testuser440",	"ROLE_USER"),
    ("testuser441",	"ROLE_USER"),
    ("testuser442",	"ROLE_USER"),
    ("testuser443",	"ROLE_USER"),
    ("testuser444",	"ROLE_USER"),
    ("testuser445",	"ROLE_USER"),
    ("testuser446",	"ROLE_USER"),
    ("testuser447",	"ROLE_USER"),
    ("testuser448",	"ROLE_USER"),
    ("testuser449",	"ROLE_USER"),
    ("testuser450",	"ROLE_USER"),
    ("testuser451",	"ROLE_USER"),
    ("testuser452",	"ROLE_USER"),
    ("testuser453",	"ROLE_USER"),
    ("testuser454",	"ROLE_USER"),
    ("testuser455",	"ROLE_USER"),
    ("testuser456",	"ROLE_USER"),
    ("testuser457",	"ROLE_USER"),
    ("testuser458",	"ROLE_USER"),
    ("testuser459",	"ROLE_USER"),
    ("testuser460",	"ROLE_USER"),
    ("testuser461",	"ROLE_USER"),
    ("testuser462",	"ROLE_USER"),
    ("testuser463",	"ROLE_USER"),
    ("testuser464",	"ROLE_USER"),
    ("testuser465",	"ROLE_USER"),
    ("testuser466",	"ROLE_USER"),
    ("testuser467",	"ROLE_USER"),
    ("testuser468",	"ROLE_USER"),
    ("testuser469",	"ROLE_USER"),
    ("testuser470",	"ROLE_USER"),
    ("testuser471",	"ROLE_USER"),
    ("testuser472",	"ROLE_USER"),
    ("testuser473",	"ROLE_USER"),
    ("testuser474",	"ROLE_USER"),
    ("testuser475",	"ROLE_USER"),
    ("testuser476",	"ROLE_USER"),
    ("testuser477",	"ROLE_USER"),
    ("testuser478",	"ROLE_USER"),
    ("testuser479",	"ROLE_USER"),
    ("testuser480",	"ROLE_USER"),
    ("testuser481",	"ROLE_USER"),
    ("testuser482",	"ROLE_USER"),
    ("testuser483",	"ROLE_USER"),
    ("testuser484",	"ROLE_USER"),
    ("testuser485",	"ROLE_USER"),
    ("testuser486",	"ROLE_USER"),
    ("testuser487",	"ROLE_USER"),
    ("testuser488",	"ROLE_USER"),
    ("testuser489",	"ROLE_USER"),
    ("testuser490",	"ROLE_USER"),
    ("testuser491",	"ROLE_USER"),
    ("testuser492",	"ROLE_USER"),
    ("testuser493",	"ROLE_USER"),
    ("testuser494",	"ROLE_USER"),
    ("testuser495",	"ROLE_USER"),
    ("testuser496",	"ROLE_USER"),
    ("testuser497",	"ROLE_USER"),
    ("testuser498",	"ROLE_USER"),
    ("testuser499",	"ROLE_USER"),
    ("testuser500",	"ROLE_USER");

INSERT INTO userinfo (username, firstname, lastname) values
    ("testuser1", "testfirstname1", "testlastname1"),
    ("testuser2", "testfirstname2", "testlastname2"),
    ("testuser3", "testfirstname3", "testlastname3"),
    ("testuser4", "testfirstname4", "testlastname4"),
    ("testuser5", "testfirstname5", "testlastname5"),
    ("testuser6", "testfirstname6", "testlastname6"),
    ("testuser7", "testfirstname7", "testlastname7"),
    ("testuser8", "testfirstname8", "testlastname8"),
    ("testuser9", "testfirstname9", "testlastname9"),
    ("testuser10", "testfirstname10", "testlastname10"),
    ("testuser11", "testfirstname11", "testlastname11"),
    ("testuser12", "testfirstname12", "testlastname12"),
    ("testuser13", "testfirstname13", "testlastname13"),
    ("testuser14", "testfirstname14", "testlastname14"),
    ("testuser15", "testfirstname15", "testlastname15"),
    ("testuser16", "testfirstname16", "testlastname16"),
    ("testuser17", "testfirstname17", "testlastname17"),
    ("testuser18", "testfirstname18", "testlastname18"),
    ("testuser19", "testfirstname19", "testlastname19"),
    ("testuser20", "testfirstname20", "testlastname20"),
    ("testuser21", "testfirstname21", "testlastname21"),
    ("testuser22", "testfirstname22", "testlastname22"),
    ("testuser23", "testfirstname23", "testlastname23"),
    ("testuser24", "testfirstname24", "testlastname24"),
    ("testuser25", "testfirstname25", "testlastname25"),
    ("testuser26", "testfirstname26", "testlastname26"),
    ("testuser27", "testfirstname27", "testlastname27"),
    ("testuser28", "testfirstname28", "testlastname28"),
    ("testuser29", "testfirstname29", "testlastname29"),
    ("testuser30", "testfirstname30", "testlastname30"),
    ("testuser31", "testfirstname31", "testlastname31"),
    ("testuser32", "testfirstname32", "testlastname32"),
    ("testuser33", "testfirstname33", "testlastname33"),
    ("testuser34", "testfirstname34", "testlastname34"),
    ("testuser35", "testfirstname35", "testlastname35"),
    ("testuser36", "testfirstname36", "testlastname36"),
    ("testuser37", "testfirstname37", "testlastname37"),
    ("testuser38", "testfirstname38", "testlastname38"),
    ("testuser39", "testfirstname39", "testlastname39"),
    ("testuser40", "testfirstname40", "testlastname40"),
    ("testuser41", "testfirstname41", "testlastname41"),
    ("testuser42", "testfirstname42", "testlastname42"),
    ("testuser43", "testfirstname43", "testlastname43"),
    ("testuser44", "testfirstname44", "testlastname44"),
    ("testuser45", "testfirstname45", "testlastname45"),
    ("testuser46", "testfirstname46", "testlastname46"),
    ("testuser47", "testfirstname47", "testlastname47"),
    ("testuser48", "testfirstname48", "testlastname48"),
    ("testuser49", "testfirstname49", "testlastname49"),
    ("testuser50", "testfirstname50", "testlastname50"),
    ("testuser51", "testfirstname51", "testlastname51"),
    ("testuser52", "testfirstname52", "testlastname52"),
    ("testuser53", "testfirstname53", "testlastname53"),
    ("testuser54", "testfirstname54", "testlastname54"),
    ("testuser55", "testfirstname55", "testlastname55"),
    ("testuser56", "testfirstname56", "testlastname56"),
    ("testuser57", "testfirstname57", "testlastname57"),
    ("testuser58", "testfirstname58", "testlastname58"),
    ("testuser59", "testfirstname59", "testlastname59"),
    ("testuser60", "testfirstname60", "testlastname60"),
    ("testuser61", "testfirstname61", "testlastname61"),
    ("testuser62", "testfirstname62", "testlastname62"),
    ("testuser63", "testfirstname63", "testlastname63"),
    ("testuser64", "testfirstname64", "testlastname64"),
    ("testuser65", "testfirstname65", "testlastname65"),
    ("testuser66", "testfirstname66", "testlastname66"),
    ("testuser67", "testfirstname67", "testlastname67"),
    ("testuser68", "testfirstname68", "testlastname68"),
    ("testuser69", "testfirstname69", "testlastname69"),
    ("testuser70", "testfirstname70", "testlastname70"),
    ("testuser71", "testfirstname71", "testlastname71"),
    ("testuser72", "testfirstname72", "testlastname72"),
    ("testuser73", "testfirstname73", "testlastname73"),
    ("testuser74", "testfirstname74", "testlastname74"),
    ("testuser75", "testfirstname75", "testlastname75"),
    ("testuser76", "testfirstname76", "testlastname76"),
    ("testuser77", "testfirstname77", "testlastname77"),
    ("testuser78", "testfirstname78", "testlastname78"),
    ("testuser79", "testfirstname79", "testlastname79"),
    ("testuser80", "testfirstname80", "testlastname80"),
    ("testuser81", "testfirstname81", "testlastname81"),
    ("testuser82", "testfirstname82", "testlastname82"),
    ("testuser83", "testfirstname83", "testlastname83"),
    ("testuser84", "testfirstname84", "testlastname84"),
    ("testuser85", "testfirstname85", "testlastname85"),
    ("testuser86", "testfirstname86", "testlastname86"),
    ("testuser87", "testfirstname87", "testlastname87"),
    ("testuser88", "testfirstname88", "testlastname88"),
    ("testuser89", "testfirstname89", "testlastname89"),
    ("testuser90", "testfirstname90", "testlastname90"),
    ("testuser91", "testfirstname91", "testlastname91"),
    ("testuser92", "testfirstname92", "testlastname92"),
    ("testuser93", "testfirstname93", "testlastname93"),
    ("testuser94", "testfirstname94", "testlastname94"),
    ("testuser95", "testfirstname95", "testlastname95"),
    ("testuser96", "testfirstname96", "testlastname96"),
    ("testuser97", "testfirstname97", "testlastname97"),
    ("testuser98", "testfirstname98", "testlastname98"),
    ("testuser99", "testfirstname99", "testlastname99"),
    ("testuser100", "testfirstname100", "testlastname100"),
    ("testuser101", "testfirstname101", "testlastname101"),
    ("testuser102", "testfirstname102", "testlastname102"),
    ("testuser103", "testfirstname103", "testlastname103"),
    ("testuser104", "testfirstname104", "testlastname104"),
    ("testuser105", "testfirstname105", "testlastname105"),
    ("testuser106", "testfirstname106", "testlastname106"),
    ("testuser107", "testfirstname107", "testlastname107"),
    ("testuser108", "testfirstname108", "testlastname108"),
    ("testuser109", "testfirstname109", "testlastname109"),
    ("testuser110", "testfirstname110", "testlastname110"),
    ("testuser111", "testfirstname111", "testlastname111"),
    ("testuser112", "testfirstname112", "testlastname112"),
    ("testuser113", "testfirstname113", "testlastname113"),
    ("testuser114", "testfirstname114", "testlastname114"),
    ("testuser115", "testfirstname115", "testlastname115"),
    ("testuser116", "testfirstname116", "testlastname116"),
    ("testuser117", "testfirstname117", "testlastname117"),
    ("testuser118", "testfirstname118", "testlastname118"),
    ("testuser119", "testfirstname119", "testlastname119"),
    ("testuser120", "testfirstname120", "testlastname120"),
    ("testuser121", "testfirstname121", "testlastname121"),
    ("testuser122", "testfirstname122", "testlastname122"),
    ("testuser123", "testfirstname123", "testlastname123"),
    ("testuser124", "testfirstname124", "testlastname124"),
    ("testuser125", "testfirstname125", "testlastname125"),
    ("testuser126", "testfirstname126", "testlastname126"),
    ("testuser127", "testfirstname127", "testlastname127"),
    ("testuser128", "testfirstname128", "testlastname128"),
    ("testuser129", "testfirstname129", "testlastname129"),
    ("testuser130", "testfirstname130", "testlastname130"),
    ("testuser131", "testfirstname131", "testlastname131"),
    ("testuser132", "testfirstname132", "testlastname132"),
    ("testuser133", "testfirstname133", "testlastname133"),
    ("testuser134", "testfirstname134", "testlastname134"),
    ("testuser135", "testfirstname135", "testlastname135"),
    ("testuser136", "testfirstname136", "testlastname136"),
    ("testuser137", "testfirstname137", "testlastname137"),
    ("testuser138", "testfirstname138", "testlastname138"),
    ("testuser139", "testfirstname139", "testlastname139"),
    ("testuser140", "testfirstname140", "testlastname140"),
    ("testuser141", "testfirstname141", "testlastname141"),
    ("testuser142", "testfirstname142", "testlastname142"),
    ("testuser143", "testfirstname143", "testlastname143"),
    ("testuser144", "testfirstname144", "testlastname144"),
    ("testuser145", "testfirstname145", "testlastname145"),
    ("testuser146", "testfirstname146", "testlastname146"),
    ("testuser147", "testfirstname147", "testlastname147"),
    ("testuser148", "testfirstname148", "testlastname148"),
    ("testuser149", "testfirstname149", "testlastname149"),
    ("testuser150", "testfirstname150", "testlastname150"),
    ("testuser151", "testfirstname151", "testlastname151"),
    ("testuser152", "testfirstname152", "testlastname152"),
    ("testuser153", "testfirstname153", "testlastname153"),
    ("testuser154", "testfirstname154", "testlastname154"),
    ("testuser155", "testfirstname155", "testlastname155"),
    ("testuser156", "testfirstname156", "testlastname156"),
    ("testuser157", "testfirstname157", "testlastname157"),
    ("testuser158", "testfirstname158", "testlastname158"),
    ("testuser159", "testfirstname159", "testlastname159"),
    ("testuser160", "testfirstname160", "testlastname160"),
    ("testuser161", "testfirstname161", "testlastname161"),
    ("testuser162", "testfirstname162", "testlastname162"),
    ("testuser163", "testfirstname163", "testlastname163"),
    ("testuser164", "testfirstname164", "testlastname164"),
    ("testuser165", "testfirstname165", "testlastname165"),
    ("testuser166", "testfirstname166", "testlastname166"),
    ("testuser167", "testfirstname167", "testlastname167"),
    ("testuser168", "testfirstname168", "testlastname168"),
    ("testuser169", "testfirstname169", "testlastname169"),
    ("testuser170", "testfirstname170", "testlastname170"),
    ("testuser171", "testfirstname171", "testlastname171"),
    ("testuser172", "testfirstname172", "testlastname172"),
    ("testuser173", "testfirstname173", "testlastname173"),
    ("testuser174", "testfirstname174", "testlastname174"),
    ("testuser175", "testfirstname175", "testlastname175"),
    ("testuser176", "testfirstname176", "testlastname176"),
    ("testuser177", "testfirstname177", "testlastname177"),
    ("testuser178", "testfirstname178", "testlastname178"),
    ("testuser179", "testfirstname179", "testlastname179"),
    ("testuser180", "testfirstname180", "testlastname180"),
    ("testuser181", "testfirstname181", "testlastname181"),
    ("testuser182", "testfirstname182", "testlastname182"),
    ("testuser183", "testfirstname183", "testlastname183"),
    ("testuser184", "testfirstname184", "testlastname184"),
    ("testuser185", "testfirstname185", "testlastname185"),
    ("testuser186", "testfirstname186", "testlastname186"),
    ("testuser187", "testfirstname187", "testlastname187"),
    ("testuser188", "testfirstname188", "testlastname188"),
    ("testuser189", "testfirstname189", "testlastname189"),
    ("testuser190", "testfirstname190", "testlastname190"),
    ("testuser191", "testfirstname191", "testlastname191"),
    ("testuser192", "testfirstname192", "testlastname192"),
    ("testuser193", "testfirstname193", "testlastname193"),
    ("testuser194", "testfirstname194", "testlastname194"),
    ("testuser195", "testfirstname195", "testlastname195"),
    ("testuser196", "testfirstname196", "testlastname196"),
    ("testuser197", "testfirstname197", "testlastname197"),
    ("testuser198", "testfirstname198", "testlastname198"),
    ("testuser199", "testfirstname199", "testlastname199"),
    ("testuser200", "testfirstname200", "testlastname200"),
    ("testuser201", "testfirstname201", "testlastname201"),
    ("testuser202", "testfirstname202", "testlastname202"),
    ("testuser203", "testfirstname203", "testlastname203"),
    ("testuser204", "testfirstname204", "testlastname204"),
    ("testuser205", "testfirstname205", "testlastname205"),
    ("testuser206", "testfirstname206", "testlastname206"),
    ("testuser207", "testfirstname207", "testlastname207"),
    ("testuser208", "testfirstname208", "testlastname208"),
    ("testuser209", "testfirstname209", "testlastname209"),
    ("testuser210", "testfirstname210", "testlastname210"),
    ("testuser211", "testfirstname211", "testlastname211"),
    ("testuser212", "testfirstname212", "testlastname212"),
    ("testuser213", "testfirstname213", "testlastname213"),
    ("testuser214", "testfirstname214", "testlastname214"),
    ("testuser215", "testfirstname215", "testlastname215"),
    ("testuser216", "testfirstname216", "testlastname216"),
    ("testuser217", "testfirstname217", "testlastname217"),
    ("testuser218", "testfirstname218", "testlastname218"),
    ("testuser219", "testfirstname219", "testlastname219"),
    ("testuser220", "testfirstname220", "testlastname220"),
    ("testuser221", "testfirstname221", "testlastname221"),
    ("testuser222", "testfirstname222", "testlastname222"),
    ("testuser223", "testfirstname223", "testlastname223"),
    ("testuser224", "testfirstname224", "testlastname224"),
    ("testuser225", "testfirstname225", "testlastname225"),
    ("testuser226", "testfirstname226", "testlastname226"),
    ("testuser227", "testfirstname227", "testlastname227"),
    ("testuser228", "testfirstname228", "testlastname228"),
    ("testuser229", "testfirstname229", "testlastname229"),
    ("testuser230", "testfirstname230", "testlastname230"),
    ("testuser231", "testfirstname231", "testlastname231"),
    ("testuser232", "testfirstname232", "testlastname232"),
    ("testuser233", "testfirstname233", "testlastname233"),
    ("testuser234", "testfirstname234", "testlastname234"),
    ("testuser235", "testfirstname235", "testlastname235"),
    ("testuser236", "testfirstname236", "testlastname236"),
    ("testuser237", "testfirstname237", "testlastname237"),
    ("testuser238", "testfirstname238", "testlastname238"),
    ("testuser239", "testfirstname239", "testlastname239"),
    ("testuser240", "testfirstname240", "testlastname240"),
    ("testuser241", "testfirstname241", "testlastname241"),
    ("testuser242", "testfirstname242", "testlastname242"),
    ("testuser243", "testfirstname243", "testlastname243"),
    ("testuser244", "testfirstname244", "testlastname244"),
    ("testuser245", "testfirstname245", "testlastname245"),
    ("testuser246", "testfirstname246", "testlastname246"),
    ("testuser247", "testfirstname247", "testlastname247"),
    ("testuser248", "testfirstname248", "testlastname248"),
    ("testuser249", "testfirstname249", "testlastname249"),
    ("testuser250", "testfirstname250", "testlastname250"),
    ("testuser251", "testfirstname251", "testlastname251"),
    ("testuser252", "testfirstname252", "testlastname252"),
    ("testuser253", "testfirstname253", "testlastname253"),
    ("testuser254", "testfirstname254", "testlastname254"),
    ("testuser255", "testfirstname255", "testlastname255"),
    ("testuser256", "testfirstname256", "testlastname256"),
    ("testuser257", "testfirstname257", "testlastname257"),
    ("testuser258", "testfirstname258", "testlastname258"),
    ("testuser259", "testfirstname259", "testlastname259"),
    ("testuser260", "testfirstname260", "testlastname260"),
    ("testuser261", "testfirstname261", "testlastname261"),
    ("testuser262", "testfirstname262", "testlastname262"),
    ("testuser263", "testfirstname263", "testlastname263"),
    ("testuser264", "testfirstname264", "testlastname264"),
    ("testuser265", "testfirstname265", "testlastname265"),
    ("testuser266", "testfirstname266", "testlastname266"),
    ("testuser267", "testfirstname267", "testlastname267"),
    ("testuser268", "testfirstname268", "testlastname268"),
    ("testuser269", "testfirstname269", "testlastname269"),
    ("testuser270", "testfirstname270", "testlastname270"),
    ("testuser271", "testfirstname271", "testlastname271"),
    ("testuser272", "testfirstname272", "testlastname272"),
    ("testuser273", "testfirstname273", "testlastname273"),
    ("testuser274", "testfirstname274", "testlastname274"),
    ("testuser275", "testfirstname275", "testlastname275"),
    ("testuser276", "testfirstname276", "testlastname276"),
    ("testuser277", "testfirstname277", "testlastname277"),
    ("testuser278", "testfirstname278", "testlastname278"),
    ("testuser279", "testfirstname279", "testlastname279"),
    ("testuser280", "testfirstname280", "testlastname280"),
    ("testuser281", "testfirstname281", "testlastname281"),
    ("testuser282", "testfirstname282", "testlastname282"),
    ("testuser283", "testfirstname283", "testlastname283"),
    ("testuser284", "testfirstname284", "testlastname284"),
    ("testuser285", "testfirstname285", "testlastname285"),
    ("testuser286", "testfirstname286", "testlastname286"),
    ("testuser287", "testfirstname287", "testlastname287"),
    ("testuser288", "testfirstname288", "testlastname288"),
    ("testuser289", "testfirstname289", "testlastname289"),
    ("testuser290", "testfirstname290", "testlastname290"),
    ("testuser291", "testfirstname291", "testlastname291"),
    ("testuser292", "testfirstname292", "testlastname292"),
    ("testuser293", "testfirstname293", "testlastname293"),
    ("testuser294", "testfirstname294", "testlastname294"),
    ("testuser295", "testfirstname295", "testlastname295"),
    ("testuser296", "testfirstname296", "testlastname296"),
    ("testuser297", "testfirstname297", "testlastname297"),
    ("testuser298", "testfirstname298", "testlastname298"),
    ("testuser299", "testfirstname299", "testlastname299"),
    ("testuser300", "testfirstname300", "testlastname300"),
    ("testuser301", "testfirstname301", "testlastname301"),
    ("testuser302", "testfirstname302", "testlastname302"),
    ("testuser303", "testfirstname303", "testlastname303"),
    ("testuser304", "testfirstname304", "testlastname304"),
    ("testuser305", "testfirstname305", "testlastname305"),
    ("testuser306", "testfirstname306", "testlastname306"),
    ("testuser307", "testfirstname307", "testlastname307"),
    ("testuser308", "testfirstname308", "testlastname308"),
    ("testuser309", "testfirstname309", "testlastname309"),
    ("testuser310", "testfirstname310", "testlastname310"),
    ("testuser311", "testfirstname311", "testlastname311"),
    ("testuser312", "testfirstname312", "testlastname312"),
    ("testuser313", "testfirstname313", "testlastname313"),
    ("testuser314", "testfirstname314", "testlastname314"),
    ("testuser315", "testfirstname315", "testlastname315"),
    ("testuser316", "testfirstname316", "testlastname316"),
    ("testuser317", "testfirstname317", "testlastname317"),
    ("testuser318", "testfirstname318", "testlastname318"),
    ("testuser319", "testfirstname319", "testlastname319"),
    ("testuser320", "testfirstname320", "testlastname320"),
    ("testuser321", "testfirstname321", "testlastname321"),
    ("testuser322", "testfirstname322", "testlastname322"),
    ("testuser323", "testfirstname323", "testlastname323"),
    ("testuser324", "testfirstname324", "testlastname324"),
    ("testuser325", "testfirstname325", "testlastname325"),
    ("testuser326", "testfirstname326", "testlastname326"),
    ("testuser327", "testfirstname327", "testlastname327"),
    ("testuser328", "testfirstname328", "testlastname328"),
    ("testuser329", "testfirstname329", "testlastname329"),
    ("testuser330", "testfirstname330", "testlastname330"),
    ("testuser331", "testfirstname331", "testlastname331"),
    ("testuser332", "testfirstname332", "testlastname332"),
    ("testuser333", "testfirstname333", "testlastname333"),
    ("testuser334", "testfirstname334", "testlastname334"),
    ("testuser335", "testfirstname335", "testlastname335"),
    ("testuser336", "testfirstname336", "testlastname336"),
    ("testuser337", "testfirstname337", "testlastname337"),
    ("testuser338", "testfirstname338", "testlastname338"),
    ("testuser339", "testfirstname339", "testlastname339"),
    ("testuser340", "testfirstname340", "testlastname340"),
    ("testuser341", "testfirstname341", "testlastname341"),
    ("testuser342", "testfirstname342", "testlastname342"),
    ("testuser343", "testfirstname343", "testlastname343"),
    ("testuser344", "testfirstname344", "testlastname344"),
    ("testuser345", "testfirstname345", "testlastname345"),
    ("testuser346", "testfirstname346", "testlastname346"),
    ("testuser347", "testfirstname347", "testlastname347"),
    ("testuser348", "testfirstname348", "testlastname348"),
    ("testuser349", "testfirstname349", "testlastname349"),
    ("testuser350", "testfirstname350", "testlastname350"),
    ("testuser351", "testfirstname351", "testlastname351"),
    ("testuser352", "testfirstname352", "testlastname352"),
    ("testuser353", "testfirstname353", "testlastname353"),
    ("testuser354", "testfirstname354", "testlastname354"),
    ("testuser355", "testfirstname355", "testlastname355"),
    ("testuser356", "testfirstname356", "testlastname356"),
    ("testuser357", "testfirstname357", "testlastname357"),
    ("testuser358", "testfirstname358", "testlastname358"),
    ("testuser359", "testfirstname359", "testlastname359"),
    ("testuser360", "testfirstname360", "testlastname360"),
    ("testuser361", "testfirstname361", "testlastname361"),
    ("testuser362", "testfirstname362", "testlastname362"),
    ("testuser363", "testfirstname363", "testlastname363"),
    ("testuser364", "testfirstname364", "testlastname364"),
    ("testuser365", "testfirstname365", "testlastname365"),
    ("testuser366", "testfirstname366", "testlastname366"),
    ("testuser367", "testfirstname367", "testlastname367"),
    ("testuser368", "testfirstname368", "testlastname368"),
    ("testuser369", "testfirstname369", "testlastname369"),
    ("testuser370", "testfirstname370", "testlastname370"),
    ("testuser371", "testfirstname371", "testlastname371"),
    ("testuser372", "testfirstname372", "testlastname372"),
    ("testuser373", "testfirstname373", "testlastname373"),
    ("testuser374", "testfirstname374", "testlastname374"),
    ("testuser375", "testfirstname375", "testlastname375"),
    ("testuser376", "testfirstname376", "testlastname376"),
    ("testuser377", "testfirstname377", "testlastname377"),
    ("testuser378", "testfirstname378", "testlastname378"),
    ("testuser379", "testfirstname379", "testlastname379"),
    ("testuser380", "testfirstname380", "testlastname380"),
    ("testuser381", "testfirstname381", "testlastname381"),
    ("testuser382", "testfirstname382", "testlastname382"),
    ("testuser383", "testfirstname383", "testlastname383"),
    ("testuser384", "testfirstname384", "testlastname384"),
    ("testuser385", "testfirstname385", "testlastname385"),
    ("testuser386", "testfirstname386", "testlastname386"),
    ("testuser387", "testfirstname387", "testlastname387"),
    ("testuser388", "testfirstname388", "testlastname388"),
    ("testuser389", "testfirstname389", "testlastname389"),
    ("testuser390", "testfirstname390", "testlastname390"),
    ("testuser391", "testfirstname391", "testlastname391"),
    ("testuser392", "testfirstname392", "testlastname392"),
    ("testuser393", "testfirstname393", "testlastname393"),
    ("testuser394", "testfirstname394", "testlastname394"),
    ("testuser395", "testfirstname395", "testlastname395"),
    ("testuser396", "testfirstname396", "testlastname396"),
    ("testuser397", "testfirstname397", "testlastname397"),
    ("testuser398", "testfirstname398", "testlastname398"),
    ("testuser399", "testfirstname399", "testlastname399"),
    ("testuser400", "testfirstname400", "testlastname400"),
    ("testuser401", "testfirstname401", "testlastname401"),
    ("testuser402", "testfirstname402", "testlastname402"),
    ("testuser403", "testfirstname403", "testlastname403"),
    ("testuser404", "testfirstname404", "testlastname404"),
    ("testuser405", "testfirstname405", "testlastname405"),
    ("testuser406", "testfirstname406", "testlastname406"),
    ("testuser407", "testfirstname407", "testlastname407"),
    ("testuser408", "testfirstname408", "testlastname408"),
    ("testuser409", "testfirstname409", "testlastname409"),
    ("testuser410", "testfirstname410", "testlastname410"),
    ("testuser411", "testfirstname411", "testlastname411"),
    ("testuser412", "testfirstname412", "testlastname412"),
    ("testuser413", "testfirstname413", "testlastname413"),
    ("testuser414", "testfirstname414", "testlastname414"),
    ("testuser415", "testfirstname415", "testlastname415"),
    ("testuser416", "testfirstname416", "testlastname416"),
    ("testuser417", "testfirstname417", "testlastname417"),
    ("testuser418", "testfirstname418", "testlastname418"),
    ("testuser419", "testfirstname419", "testlastname419"),
    ("testuser420", "testfirstname420", "testlastname420"),
    ("testuser421", "testfirstname421", "testlastname421"),
    ("testuser422", "testfirstname422", "testlastname422"),
    ("testuser423", "testfirstname423", "testlastname423"),
    ("testuser424", "testfirstname424", "testlastname424"),
    ("testuser425", "testfirstname425", "testlastname425"),
    ("testuser426", "testfirstname426", "testlastname426"),
    ("testuser427", "testfirstname427", "testlastname427"),
    ("testuser428", "testfirstname428", "testlastname428"),
    ("testuser429", "testfirstname429", "testlastname429"),
    ("testuser430", "testfirstname430", "testlastname430"),
    ("testuser431", "testfirstname431", "testlastname431"),
    ("testuser432", "testfirstname432", "testlastname432"),
    ("testuser433", "testfirstname433", "testlastname433"),
    ("testuser434", "testfirstname434", "testlastname434"),
    ("testuser435", "testfirstname435", "testlastname435"),
    ("testuser436", "testfirstname436", "testlastname436"),
    ("testuser437", "testfirstname437", "testlastname437"),
    ("testuser438", "testfirstname438", "testlastname438"),
    ("testuser439", "testfirstname439", "testlastname439"),
    ("testuser440", "testfirstname440", "testlastname440"),
    ("testuser441", "testfirstname441", "testlastname441"),
    ("testuser442", "testfirstname442", "testlastname442"),
    ("testuser443", "testfirstname443", "testlastname443"),
    ("testuser444", "testfirstname444", "testlastname444"),
    ("testuser445", "testfirstname445", "testlastname445"),
    ("testuser446", "testfirstname446", "testlastname446"),
    ("testuser447", "testfirstname447", "testlastname447"),
    ("testuser448", "testfirstname448", "testlastname448"),
    ("testuser449", "testfirstname449", "testlastname449"),
    ("testuser450", "testfirstname450", "testlastname450"),
    ("testuser451", "testfirstname451", "testlastname451"),
    ("testuser452", "testfirstname452", "testlastname452"),
    ("testuser453", "testfirstname453", "testlastname453"),
    ("testuser454", "testfirstname454", "testlastname454"),
    ("testuser455", "testfirstname455", "testlastname455"),
    ("testuser456", "testfirstname456", "testlastname456"),
    ("testuser457", "testfirstname457", "testlastname457"),
    ("testuser458", "testfirstname458", "testlastname458"),
    ("testuser459", "testfirstname459", "testlastname459"),
    ("testuser460", "testfirstname460", "testlastname460"),
    ("testuser461", "testfirstname461", "testlastname461"),
    ("testuser462", "testfirstname462", "testlastname462"),
    ("testuser463", "testfirstname463", "testlastname463"),
    ("testuser464", "testfirstname464", "testlastname464"),
    ("testuser465", "testfirstname465", "testlastname465"),
    ("testuser466", "testfirstname466", "testlastname466"),
    ("testuser467", "testfirstname467", "testlastname467"),
    ("testuser468", "testfirstname468", "testlastname468"),
    ("testuser469", "testfirstname469", "testlastname469"),
    ("testuser470", "testfirstname470", "testlastname470"),
    ("testuser471", "testfirstname471", "testlastname471"),
    ("testuser472", "testfirstname472", "testlastname472"),
    ("testuser473", "testfirstname473", "testlastname473"),
    ("testuser474", "testfirstname474", "testlastname474"),
    ("testuser475", "testfirstname475", "testlastname475"),
    ("testuser476", "testfirstname476", "testlastname476"),
    ("testuser477", "testfirstname477", "testlastname477"),
    ("testuser478", "testfirstname478", "testlastname478"),
    ("testuser479", "testfirstname479", "testlastname479"),
    ("testuser480", "testfirstname480", "testlastname480"),
    ("testuser481", "testfirstname481", "testlastname481"),
    ("testuser482", "testfirstname482", "testlastname482"),
    ("testuser483", "testfirstname483", "testlastname483"),
    ("testuser484", "testfirstname484", "testlastname484"),
    ("testuser485", "testfirstname485", "testlastname485"),
    ("testuser486", "testfirstname486", "testlastname486"),
    ("testuser487", "testfirstname487", "testlastname487"),
    ("testuser488", "testfirstname488", "testlastname488"),
    ("testuser489", "testfirstname489", "testlastname489"),
    ("testuser490", "testfirstname490", "testlastname490"),
    ("testuser491", "testfirstname491", "testlastname491"),
    ("testuser492", "testfirstname492", "testlastname492"),
    ("testuser493", "testfirstname493", "testlastname493"),
    ("testuser494", "testfirstname494", "testlastname494"),
    ("testuser495", "testfirstname495", "testlastname495"),
    ("testuser496", "testfirstname496", "testlastname496"),
    ("testuser497", "testfirstname497", "testlastname497"),
    ("testuser498", "testfirstname498", "testlastname498"),
    ("testuser499", "testfirstname499", "testlastname499"),
    ("testuser500", "testfirstname500", "testlastname500");
